-- ЗАДАНИЕ 1
-- Заполнить все таблицы БД vk данными (по 10-100 записей в каждой таблице).


-- MariaDB dump 10.19  Distrib 10.5.12-MariaDB, for Linux (x86_64)
--
-- Host: mysql.hostinger.ro    Database: u574849695_22
-- ------------------------------------------------------
-- Server version	10.5.12-MariaDB-cll-lve

/*!40101 SET @OLD_CHARACTER_SET_CLIENT=@@CHARACTER_SET_CLIENT */;
/*!40101 SET @OLD_CHARACTER_SET_RESULTS=@@CHARACTER_SET_RESULTS */;
/*!40101 SET @OLD_COLLATION_CONNECTION=@@COLLATION_CONNECTION */;
/*!40101 SET NAMES utf8mb4 */;
/*!40103 SET @OLD_TIME_ZONE=@@TIME_ZONE */;
/*!40103 SET TIME_ZONE='+00:00' */;
/*!40014 SET @OLD_UNIQUE_CHECKS=@@UNIQUE_CHECKS, UNIQUE_CHECKS=0 */;
/*!40014 SET @OLD_FOREIGN_KEY_CHECKS=@@FOREIGN_KEY_CHECKS, FOREIGN_KEY_CHECKS=0 */;
/*!40101 SET @OLD_SQL_MODE=@@SQL_MODE, SQL_MODE='NO_AUTO_VALUE_ON_ZERO' */;
/*!40111 SET @OLD_SQL_NOTES=@@SQL_NOTES, SQL_NOTES=0 */;

--
-- Table structure for table `communities`
--

DROP TABLE IF EXISTS `communities`;
/*!40101 SET @saved_cs_client     = @@character_set_client */;
/*!40101 SET character_set_client = utf8 */;
CREATE TABLE `communities` (
  `id` bigint(20) unsigned NOT NULL AUTO_INCREMENT,
  `name` varchar(150) COLLATE utf8mb4_unicode_ci DEFAULT NULL,
  `admin_user_id` bigint(20) unsigned DEFAULT NULL,
  PRIMARY KEY (`id`),
  KEY `communities_name_idx` (`name`),
  KEY `admin_user_id` (`admin_user_id`),
  CONSTRAINT `communities_ibfk_1` FOREIGN KEY (`admin_user_id`) REFERENCES `users` (`id`) ON DELETE SET NULL ON UPDATE CASCADE
) ENGINE=InnoDB AUTO_INCREMENT=101 DEFAULT CHARSET=utf8mb4 COLLATE=utf8mb4_unicode_ci;
/*!40101 SET character_set_client = @saved_cs_client */;

--
-- Dumping data for table `communities`
--

LOCK TABLES `communities` WRITE;
/*!40000 ALTER TABLE `communities` DISABLE KEYS */;
INSERT INTO `communities` VALUES (1,'vel',1),(2,'vitae',2),(3,'quo',3),(4,'sit',4),(5,'est',5),(6,'similique',6),(7,'voluptatem',7),(8,'sed',8),(9,'nobis',9),(10,'expedita',10),(11,'nam',11),(12,'dolores',12),(13,'qui',13),(14,'similique',14),(15,'voluptatem',15),(16,'dignissimos',16),(17,'laboriosam',17),(18,'ullam',18),(19,'voluptate',19),(20,'consequuntur',20),(21,'fugit',21),(22,'accusantium',22),(23,'sunt',23),(24,'reprehenderit',24),(25,'numquam',25),(26,'in',26),(27,'eum',27),(28,'et',28),(29,'sunt',29),(30,'totam',30),(31,'culpa',31),(32,'cupiditate',32),(33,'dolorem',33),(34,'ea',34),(35,'explicabo',35),(36,'voluptas',36),(37,'maxime',37),(38,'molestiae',38),(39,'cum',39),(40,'accusantium',40),(41,'doloribus',41),(42,'est',42),(43,'et',43),(44,'minus',44),(45,'corporis',45),(46,'voluptatem',46),(47,'rem',47),(48,'suscipit',48),(49,'assumenda',49),(50,'reiciendis',50),(51,'consequuntur',51),(52,'aut',52),(53,'rem',53),(54,'omnis',54),(55,'magnam',55),(56,'ut',56),(57,'quidem',57),(58,'commodi',58),(59,'magni',59),(60,'facere',60),(61,'distinctio',61),(62,'et',62),(63,'odit',63),(64,'porro',64),(65,'consequatur',65),(66,'aut',66),(67,'fugit',67),(68,'iste',68),(69,'ab',69),(70,'consequatur',70),(71,'molestiae',71),(72,'vel',72),(73,'incidunt',73),(74,'aut',74),(75,'soluta',75),(76,'voluptatem',76),(77,'enim',77),(78,'sint',78),(79,'ut',79),(80,'recusandae',80),(81,'qui',81),(82,'ut',82),(83,'qui',83),(84,'qui',84),(85,'voluptas',85),(86,'sed',86),(87,'dolor',87),(88,'molestiae',88),(89,'et',89),(90,'eligendi',90),(91,'sed',91),(92,'qui',92),(93,'aperiam',93),(94,'suscipit',94),(95,'iste',95),(96,'accusamus',96),(97,'et',97),(98,'eos',98),(99,'et',99),(100,'et',100);
/*!40000 ALTER TABLE `communities` ENABLE KEYS */;
UNLOCK TABLES;

--
-- Table structure for table `friend_requests`
--

DROP TABLE IF EXISTS `friend_requests`;
/*!40101 SET @saved_cs_client     = @@character_set_client */;
/*!40101 SET character_set_client = utf8 */;
CREATE TABLE `friend_requests` (
  `initiator_user_id` bigint(20) unsigned NOT NULL,
  `target_user_id` bigint(20) unsigned NOT NULL,
  `status` enum('requested','approved','declined','unfriended') COLLATE utf8mb4_unicode_ci DEFAULT NULL,
  `requested_at` datetime DEFAULT current_timestamp(),
  `updated_at` datetime DEFAULT NULL ON UPDATE current_timestamp(),
  PRIMARY KEY (`initiator_user_id`,`target_user_id`),
  KEY `target_user_id` (`target_user_id`),
  CONSTRAINT `friend_requests_ibfk_1` FOREIGN KEY (`initiator_user_id`) REFERENCES `users` (`id`) ON DELETE CASCADE ON UPDATE CASCADE,
  CONSTRAINT `friend_requests_ibfk_2` FOREIGN KEY (`target_user_id`) REFERENCES `users` (`id`) ON DELETE CASCADE ON UPDATE CASCADE
) ENGINE=InnoDB DEFAULT CHARSET=utf8mb4 COLLATE=utf8mb4_unicode_ci;
/*!40101 SET character_set_client = @saved_cs_client */;

--
-- Dumping data for table `friend_requests`
--

LOCK TABLES `friend_requests` WRITE;
/*!40000 ALTER TABLE `friend_requests` DISABLE KEYS */;
INSERT INTO `friend_requests` VALUES (1,1,'declined','2007-11-01 00:08:38','1994-05-11 23:45:21'),(2,2,'declined','1989-05-15 02:37:37','1975-03-12 05:33:03'),(3,3,'requested','1974-01-17 06:00:33','1980-04-27 14:00:51'),(4,4,'declined','1973-07-03 04:45:44','1979-10-26 13:59:30'),(5,5,'approved','1996-02-02 09:14:37','1970-07-30 20:49:06'),(6,6,'requested','2019-08-21 03:45:18','2003-11-26 18:07:36'),(7,7,'unfriended','1982-12-06 23:00:38','1972-02-08 17:55:08'),(8,8,'requested','2017-04-23 04:24:17','1976-08-22 02:09:14'),(9,9,'approved','1979-09-04 05:26:56','1972-03-27 02:47:30'),(10,10,'requested','1976-09-29 19:03:17','2005-08-27 23:34:21'),(11,11,'declined','2012-03-23 13:55:46','1995-06-23 04:07:47'),(12,12,'requested','2011-02-02 20:36:16','2004-04-14 00:11:51'),(13,13,'unfriended','1984-05-20 12:12:11','1981-06-30 15:22:24'),(14,14,'approved','1989-05-16 01:14:51','2008-10-24 21:54:33'),(15,15,'unfriended','1971-08-18 15:22:02','1999-09-13 10:42:58'),(16,16,'approved','1991-05-17 19:25:29','1994-01-10 06:19:45'),(17,17,'approved','2019-06-10 10:15:25','1973-06-05 10:40:00'),(18,18,'unfriended','1981-08-10 03:59:31','1970-10-13 06:00:35'),(19,19,'requested','1970-11-27 01:14:10','2009-10-14 23:42:40'),(20,20,'requested','1984-12-20 03:39:29','2021-10-03 03:31:23'),(21,21,'approved','1976-02-11 14:46:15','2013-06-13 13:48:06'),(22,22,'declined','1988-03-27 12:02:09','1995-09-07 19:12:14'),(23,23,'unfriended','2009-11-06 03:26:08','1979-03-25 10:55:55'),(24,24,'declined','2016-08-12 06:24:53','2022-08-03 04:08:11'),(25,25,'declined','2011-09-30 13:01:29','2020-03-30 04:10:39'),(26,26,'declined','1972-12-30 17:15:02','1979-04-26 14:34:11'),(27,27,'requested','2001-11-14 20:27:28','2019-06-04 00:25:39'),(28,28,'unfriended','2003-09-25 11:51:36','1987-10-01 04:25:12'),(29,29,'declined','2013-10-01 00:36:38','1992-03-03 16:44:52'),(30,30,'requested','1995-09-05 15:00:58','1983-08-08 21:54:47'),(31,31,'declined','1980-03-29 07:56:05','2011-10-23 17:44:01'),(32,32,'requested','2009-09-22 04:26:05','1972-08-04 07:22:45'),(33,33,'approved','1974-06-12 06:24:25','1971-09-17 14:08:43'),(34,34,'approved','2017-07-29 14:32:23','2009-04-17 07:10:36'),(35,35,'approved','1984-07-04 02:13:34','2001-05-30 05:37:46'),(36,36,'unfriended','1976-09-08 22:27:27','1996-05-25 09:51:21'),(37,37,'requested','2021-04-18 19:33:20','2019-04-13 13:01:52'),(38,38,'unfriended','1997-09-28 07:13:24','1996-02-24 17:42:00'),(39,39,'declined','1972-12-19 15:05:05','2010-08-12 08:46:43'),(40,40,'unfriended','1974-09-27 15:43:43','1983-03-05 06:55:00'),(41,41,'unfriended','1991-05-02 11:17:51','1984-01-19 10:21:16'),(42,42,'declined','1992-07-30 19:16:10','1990-09-16 18:52:53'),(43,43,'unfriended','1990-09-09 03:52:51','1982-02-08 23:09:51'),(44,44,'unfriended','1980-12-12 03:37:38','2007-07-30 23:05:12'),(45,45,'unfriended','2019-11-21 03:10:20','2021-03-16 07:54:46'),(46,46,'approved','2021-08-27 19:03:43','1984-03-11 07:26:00'),(47,47,'unfriended','1978-10-22 11:46:05','1979-05-01 22:11:02'),(48,48,'unfriended','1987-07-26 11:30:33','2021-01-15 05:16:34'),(49,49,'declined','1995-10-24 22:33:20','2003-03-23 05:32:19'),(50,50,'approved','1999-03-28 07:05:43','1997-07-28 02:18:55'),(51,51,'declined','1992-09-30 10:07:56','2008-03-18 19:00:13'),(52,52,'approved','2017-02-07 12:43:34','2006-01-01 10:47:16'),(53,53,'approved','1992-11-20 11:45:01','2010-01-02 10:30:19'),(54,54,'unfriended','1984-01-13 09:32:24','1996-08-30 12:02:55'),(55,55,'requested','2016-05-16 09:53:17','2020-07-12 08:13:36'),(56,56,'approved','1973-12-12 19:03:30','2018-09-27 20:37:29'),(57,57,'requested','2000-09-04 06:49:57','2019-03-04 06:59:24'),(58,58,'unfriended','1980-02-06 22:50:04','1971-10-01 07:20:27'),(59,59,'approved','2015-07-08 06:11:24','1980-09-08 11:05:50'),(60,60,'declined','2007-10-18 15:18:13','1989-09-25 22:51:40'),(61,61,'approved','2020-01-28 21:39:13','2020-03-29 09:51:02'),(62,62,'declined','2002-02-18 15:19:58','1996-02-29 19:00:47'),(63,63,'approved','1996-01-26 19:00:20','1971-03-22 08:45:16'),(64,64,'approved','1970-08-11 10:09:37','2015-09-29 18:55:27'),(65,65,'approved','1970-09-15 10:25:57','1987-06-04 10:06:47'),(66,66,'approved','1999-04-29 07:24:35','1977-04-12 03:29:35'),(67,67,'declined','2010-02-11 09:12:12','1979-04-25 09:37:44'),(68,68,'approved','2008-06-16 23:10:01','1977-09-21 03:47:25'),(69,69,'declined','1993-05-24 14:22:05','2021-03-27 15:08:23'),(70,70,'declined','2016-04-03 01:30:21','1981-11-27 13:34:33'),(71,71,'requested','2012-07-30 09:20:33','1973-03-10 16:23:39'),(72,72,'approved','2022-02-20 06:43:34','1971-11-06 13:15:03'),(73,73,'unfriended','2006-05-10 03:47:20','2002-10-05 14:54:17'),(74,74,'approved','1990-04-05 16:35:51','1983-08-03 17:04:33'),(75,75,'requested','2022-09-18 20:17:10','2014-11-29 09:25:37'),(76,76,'approved','2010-06-26 20:01:46','1992-03-27 22:52:22'),(77,77,'requested','2009-11-09 01:09:46','2017-12-04 12:03:35'),(78,78,'approved','1990-07-06 18:58:55','1976-12-21 12:48:11'),(79,79,'declined','2013-06-07 11:59:22','1973-11-18 12:59:06'),(80,80,'approved','2012-02-02 18:24:45','2008-08-13 04:31:50'),(81,81,'approved','1999-06-08 01:45:16','1980-01-17 10:43:31'),(82,82,'requested','2002-05-30 15:14:35','1981-06-16 20:47:23'),(83,83,'approved','2012-08-29 02:27:42','1996-06-08 22:26:58'),(84,84,'declined','1998-07-24 12:36:53','2017-05-26 09:58:00'),(85,85,'approved','2020-09-27 09:14:55','1985-11-20 19:50:45'),(86,86,'approved','2015-08-22 01:24:00','1990-01-14 00:54:15'),(87,87,'approved','2010-09-06 23:55:51','2021-08-26 01:09:37'),(88,88,'approved','2016-10-15 19:41:10','1992-04-18 23:36:44'),(89,89,'declined','1975-10-05 05:51:37','1982-05-13 12:05:20'),(90,90,'requested','2001-05-01 07:10:31','2010-03-11 03:55:01'),(91,91,'requested','1982-07-06 05:22:11','1989-05-23 08:03:10'),(92,92,'requested','1983-03-24 21:18:12','2019-08-14 01:36:06'),(93,93,'unfriended','2003-10-17 20:17:42','1974-08-17 01:24:40'),(94,94,'declined','1979-04-08 20:33:45','1975-10-22 13:41:57'),(95,95,'requested','1986-02-16 16:57:01','1986-05-25 06:08:44'),(96,96,'approved','2007-08-16 12:44:45','1994-08-09 07:23:22'),(97,97,'declined','1972-10-09 14:08:11','2012-04-27 10:11:14'),(98,98,'approved','1993-04-27 22:06:45','2001-02-09 15:59:39'),(99,99,'approved','2006-12-29 20:41:12','1985-04-22 13:42:56'),(100,100,'requested','1980-12-04 17:51:08','2008-08-16 19:46:45');
/*!40000 ALTER TABLE `friend_requests` ENABLE KEYS */;
UNLOCK TABLES;

--
-- Table structure for table `likes`
--

DROP TABLE IF EXISTS `likes`;
/*!40101 SET @saved_cs_client     = @@character_set_client */;
/*!40101 SET character_set_client = utf8 */;
CREATE TABLE `likes` (
  `id` bigint(20) unsigned NOT NULL AUTO_INCREMENT,
  `user_id` bigint(20) unsigned NOT NULL,
  `media_id` bigint(20) unsigned NOT NULL,
  `created_at` datetime DEFAULT current_timestamp(),
  PRIMARY KEY (`id`),
  KEY `user_id` (`user_id`),
  KEY `media_id` (`media_id`),
  CONSTRAINT `likes_ibfk_1` FOREIGN KEY (`user_id`) REFERENCES `users` (`id`) ON DELETE CASCADE ON UPDATE CASCADE,
  CONSTRAINT `likes_ibfk_2` FOREIGN KEY (`media_id`) REFERENCES `media` (`id`) ON DELETE CASCADE ON UPDATE CASCADE
) ENGINE=InnoDB AUTO_INCREMENT=101 DEFAULT CHARSET=utf8mb4 COLLATE=utf8mb4_unicode_ci;
/*!40101 SET character_set_client = @saved_cs_client */;

--
-- Dumping data for table `likes`
--

LOCK TABLES `likes` WRITE;
/*!40000 ALTER TABLE `likes` DISABLE KEYS */;
INSERT INTO `likes` VALUES (1,1,1,'1993-06-25 11:22:39'),(2,2,2,'1999-02-09 13:35:33'),(3,3,3,'1974-07-19 16:53:33'),(4,4,4,'2013-04-28 12:20:32'),(5,5,5,'1988-04-28 13:48:16'),(6,6,6,'2016-06-05 12:54:03'),(7,7,7,'2006-11-17 22:44:59'),(8,8,8,'1975-04-26 19:37:42'),(9,9,9,'2001-04-03 11:08:01'),(10,10,10,'2021-04-22 11:20:03'),(11,11,11,'1987-06-12 09:07:22'),(12,12,12,'2005-03-11 00:17:53'),(13,13,13,'2012-08-05 10:31:18'),(14,14,14,'1985-10-27 09:10:46'),(15,15,15,'1998-07-02 19:55:31'),(16,16,16,'1998-03-28 00:15:56'),(17,17,17,'2010-05-25 14:15:38'),(18,18,18,'1977-12-24 17:06:49'),(19,19,19,'1991-08-04 12:39:54'),(20,20,20,'2016-09-01 03:42:20'),(21,21,21,'2004-04-25 22:13:44'),(22,22,22,'1999-05-29 11:48:29'),(23,23,23,'1999-06-02 15:50:02'),(24,24,24,'1977-04-13 06:55:40'),(25,25,25,'2003-09-06 11:39:42'),(26,26,26,'1982-10-03 08:39:16'),(27,27,27,'1977-09-16 16:31:39'),(28,28,28,'1971-10-17 13:57:53'),(29,29,29,'1999-01-08 07:57:34'),(30,30,30,'2016-01-13 15:05:41'),(31,31,31,'1991-07-05 13:45:13'),(32,32,32,'2010-02-11 07:36:11'),(33,33,33,'2004-12-03 10:31:49'),(34,34,34,'2000-11-21 10:04:49'),(35,35,35,'2012-10-04 02:22:28'),(36,36,36,'2017-01-03 12:03:37'),(37,37,37,'1986-01-22 02:02:10'),(38,38,38,'1985-12-08 12:25:48'),(39,39,39,'1978-08-11 01:52:02'),(40,40,40,'2013-10-13 15:17:09'),(41,41,41,'1990-10-11 09:23:02'),(42,42,42,'1986-09-15 16:46:33'),(43,43,43,'1973-12-19 15:23:47'),(44,44,44,'2003-11-01 12:56:13'),(45,45,45,'1999-11-16 09:21:04'),(46,46,46,'1974-10-31 15:34:14'),(47,47,47,'2011-10-01 06:58:47'),(48,48,48,'1973-12-14 13:29:35'),(49,49,49,'1993-08-19 09:16:47'),(50,50,50,'2009-08-21 03:43:08'),(51,51,51,'2019-08-27 20:51:16'),(52,52,52,'1987-01-02 00:23:31'),(53,53,53,'1994-12-16 22:50:04'),(54,54,54,'2000-10-11 06:39:17'),(55,55,55,'1990-09-09 19:25:45'),(56,56,56,'1971-11-02 17:13:35'),(57,57,57,'1987-05-20 22:04:17'),(58,58,58,'2016-02-05 10:07:42'),(59,59,59,'2011-05-09 16:27:52'),(60,60,60,'1976-07-06 17:30:01'),(61,61,61,'1998-06-11 16:36:47'),(62,62,62,'1991-03-23 12:19:59'),(63,63,63,'1981-07-06 02:07:58'),(64,64,64,'1978-12-16 18:47:56'),(65,65,65,'2003-07-28 23:52:52'),(66,66,66,'2011-12-12 01:33:11'),(67,67,67,'2005-11-02 23:54:07'),(68,68,68,'2016-02-14 16:08:44'),(69,69,69,'2017-01-22 02:23:30'),(70,70,70,'2014-08-09 09:26:52'),(71,71,71,'1993-09-01 11:46:58'),(72,72,72,'1973-09-17 21:27:34'),(73,73,73,'2008-12-20 19:27:06'),(74,74,74,'2012-06-16 13:20:36'),(75,75,75,'2003-08-21 11:44:37'),(76,76,76,'1983-05-01 01:58:49'),(77,77,77,'2009-01-21 21:03:21'),(78,78,78,'1998-01-22 00:08:31'),(79,79,79,'1980-03-26 03:20:58'),(80,80,80,'2011-03-25 03:18:07'),(81,81,81,'1989-04-16 10:15:48'),(82,82,82,'1982-06-09 20:54:19'),(83,83,83,'2015-04-20 23:42:03'),(84,84,84,'1986-07-20 09:26:41'),(85,85,85,'1995-06-24 11:40:35'),(86,86,86,'2020-07-24 20:26:45'),(87,87,87,'1989-12-26 04:19:04'),(88,88,88,'1979-11-04 12:27:32'),(89,89,89,'1998-01-16 21:15:25'),(90,90,90,'1990-03-20 19:47:41'),(91,91,91,'2006-01-11 11:14:49'),(92,92,92,'2011-09-12 00:13:48'),(93,93,93,'1985-10-31 21:00:35'),(94,94,94,'1996-01-02 19:30:18'),(95,95,95,'1990-09-21 08:28:17'),(96,96,96,'1999-09-08 19:34:03'),(97,97,97,'1981-10-26 18:26:17'),(98,98,98,'2013-08-31 17:58:30'),(99,99,99,'2001-04-17 20:25:15'),(100,100,100,'1987-12-09 20:59:13');
/*!40000 ALTER TABLE `likes` ENABLE KEYS */;
UNLOCK TABLES;

--
-- Table structure for table `media`
--

DROP TABLE IF EXISTS `media`;
/*!40101 SET @saved_cs_client     = @@character_set_client */;
/*!40101 SET character_set_client = utf8 */;
CREATE TABLE `media` (
  `id` bigint(20) unsigned NOT NULL AUTO_INCREMENT,
  `media_type_id` bigint(20) unsigned DEFAULT NULL,
  `user_id` bigint(20) unsigned NOT NULL,
  `body` text COLLATE utf8mb4_unicode_ci DEFAULT NULL,
  `filename` varchar(255) COLLATE utf8mb4_unicode_ci DEFAULT NULL,
  `size` int(11) DEFAULT NULL,
  `metadata` longtext CHARACTER SET utf8mb4 COLLATE utf8mb4_bin DEFAULT NULL CHECK (json_valid(`metadata`)),
  `created_at` datetime DEFAULT current_timestamp(),
  `updated_at` datetime DEFAULT current_timestamp() ON UPDATE current_timestamp(),
  PRIMARY KEY (`id`),
  KEY `user_id` (`user_id`),
  KEY `media_type_id` (`media_type_id`),
  CONSTRAINT `media_ibfk_1` FOREIGN KEY (`user_id`) REFERENCES `users` (`id`) ON DELETE CASCADE ON UPDATE CASCADE,
  CONSTRAINT `media_ibfk_2` FOREIGN KEY (`media_type_id`) REFERENCES `media_types` (`id`) ON DELETE SET NULL ON UPDATE CASCADE
) ENGINE=InnoDB AUTO_INCREMENT=101 DEFAULT CHARSET=utf8mb4 COLLATE=utf8mb4_unicode_ci;
/*!40101 SET character_set_client = @saved_cs_client */;

--
-- Dumping data for table `media`
--

LOCK TABLES `media` WRITE;
/*!40000 ALTER TABLE `media` DISABLE KEYS */;
INSERT INTO `media` VALUES (1,1,1,'Perspiciatis delectus accusantium a deserunt id et voluptatem. Blanditiis ut vero libero optio occaecati odio ut enim. Et sequi voluptatibus qui consequatur quia fugit.','voluptatem',8817,NULL,'1993-08-31 04:49:34','1981-04-21 02:15:25'),(2,2,2,'Sunt modi similique quam maiores maxime omnis dolor. Accusamus maiores dignissimos at temporibus voluptas accusantium odit. Vero est ut quidem perspiciatis porro. Libero nostrum quis rerum voluptatibus aliquid odio.','in',1154834,NULL,'1989-02-15 17:11:28','2013-10-31 14:11:14'),(3,3,3,'Alias sit quo dolorum atque ad. Aperiam minima perspiciatis accusantium architecto placeat magnam.','dolorem',9153753,NULL,'1997-04-19 07:01:25','1991-12-22 07:00:52'),(4,4,4,'Magni dolorum explicabo molestias consequuntur. Excepturi aut optio sint velit omnis. Qui culpa ab voluptatem et eligendi temporibus sed. Velit quis ut qui placeat enim ipsum placeat explicabo.','ad',181443287,NULL,'1971-09-09 12:38:04','1974-04-24 18:58:36'),(5,1,5,'Aperiam rerum nam ut voluptatem non. Vel distinctio omnis nulla quia.','voluptatem',568006,NULL,'1995-09-03 06:09:17','2018-12-15 17:10:25'),(6,2,6,'Sed eum error eius amet officia. Aut dicta expedita laudantium nihil voluptates. Consequuntur omnis earum sequi et sint eos dolore. Dolores reiciendis corrupti sit non facilis. Consequatur vel aut provident id delectus illo consequatur.','tempore',2805,NULL,'2006-06-22 14:09:14','2012-08-24 09:50:52'),(7,3,7,'Et ut id non consequatur perspiciatis ut pariatur. Aut velit et earum enim quo. Molestias fugiat nostrum est. Et consectetur qui est qui.','non',0,NULL,'2012-05-25 20:47:58','1983-06-01 23:29:15'),(8,4,8,'Et excepturi aut eum autem et deserunt aut. Consequatur sit animi rerum id itaque labore. Iste quo minima culpa molestias facilis voluptas quia.','ipsam',9184,NULL,'1973-01-21 01:53:44','2012-12-13 09:10:00'),(9,1,9,'Eum et placeat qui iusto odio facilis. Laudantium recusandae soluta alias quidem provident dolores. Et et voluptates est neque. Totam est perferendis et eaque.','doloremque',7880242,NULL,'1980-09-14 22:29:45','1984-11-22 17:33:09'),(10,2,10,'Odit enim assumenda quas modi reprehenderit possimus. Eum exercitationem commodi esse non. Eius et eaque fugit omnis sequi magnam.','asperiores',208,NULL,'1993-12-23 03:01:57','1987-04-21 10:06:43'),(11,3,11,'Officiis labore ex vero rerum. Quo autem numquam in sint atque iste atque.','consequatur',8397281,NULL,'2001-02-01 05:33:03','1970-02-07 06:30:40'),(12,4,12,'Placeat repudiandae maiores fuga eum. Labore repellendus dolor tenetur asperiores voluptatem. Magnam et expedita libero praesentium illum quia sint.','explicabo',64,NULL,'1985-05-09 17:35:57','1971-07-22 12:13:51'),(13,1,13,'Libero nulla quae eum non unde necessitatibus. Ad aliquid sint eaque officia quia vitae dolor. Rerum eveniet ipsa autem aliquam. Ratione dolores architecto maxime incidunt.','commodi',722,NULL,'1988-09-03 20:41:08','2007-11-05 15:44:29'),(14,2,14,'Fugiat est maxime reprehenderit quia iste nobis. Laboriosam delectus quia aut sequi. Libero corporis voluptatum ut quos. Vero laborum sint nobis quibusdam eum et nisi.','voluptate',7986601,NULL,'2015-07-28 12:41:33','2021-08-07 06:39:10'),(15,3,15,'Voluptatum eum quae sit. Vel tempora recusandae repellat rerum alias. Quia vero hic corrupti esse fuga rerum. Perspiciatis consequuntur hic saepe voluptates eos.','aut',691,NULL,'2021-07-20 22:27:51','1974-02-02 19:57:14'),(16,4,16,'Dolorum placeat eum error cumque aperiam. Voluptate ducimus pariatur neque delectus est et suscipit. Ex natus adipisci animi necessitatibus quisquam aperiam odio tenetur. Qui laborum id id sit sunt aut sed.','natus',0,NULL,'1988-02-01 19:53:34','2001-03-03 16:44:18'),(17,1,17,'Quis voluptatem eum ad unde incidunt id ducimus. Sunt voluptatum id ipsam provident. Molestiae consectetur consequatur soluta repellendus quia et quo. Et beatae quia ad ipsum unde laborum quasi officia. Voluptatem architecto officiis libero odio cum necessitatibus.','excepturi',435,NULL,'2007-04-14 07:02:16','1986-09-10 07:26:27'),(18,2,18,'Ipsa minus nesciunt fuga aut. Nihil voluptas consectetur consequuntur quia vitae voluptas. Non quasi veritatis qui quod consequuntur a sint.','adipisci',0,NULL,'1974-03-11 13:31:48','1991-06-18 08:26:54'),(19,3,19,'Libero modi corrupti possimus aut placeat ea. Minus officia vel magni enim aut est ut. Sapiente corrupti inventore soluta ut eius qui. Dignissimos et qui praesentium et sit perferendis.','laudantium',80,NULL,'1971-02-13 07:11:54','1979-12-02 18:58:45'),(20,4,20,'Tempora iure officia expedita molestiae. Molestiae unde molestiae consequatur cum et tempore. Autem sapiente voluptatem alias quasi.','totam',383040,NULL,'1999-03-20 06:53:10','1994-09-02 00:38:06'),(21,1,21,'Ducimus repellendus aspernatur fugiat quia. Dolor maxime eligendi voluptatem adipisci voluptatibus illum deserunt labore. Rerum perferendis maiores est qui. Totam sit soluta vitae sed eum natus quo cum.','eos',24,NULL,'1979-01-11 20:11:57','1978-01-01 12:36:15'),(22,2,22,'Dolores ea modi vero rerum ut. Recusandae voluptatibus nihil numquam dolore. Vitae suscipit ipsa possimus sit ut. Odio eaque illo mollitia quo quam. Nihil quia id deserunt totam id corrupti cupiditate.','repudiandae',121,NULL,'1988-05-09 18:41:03','2015-10-11 14:28:57'),(23,3,23,'Omnis sequi dolor rerum laborum. Magnam voluptatibus explicabo aperiam et sint autem. Labore quia quia facere dolor cumque expedita aliquam. Repudiandae harum quisquam aperiam officiis harum voluptatem.','quam',1,NULL,'1993-09-20 16:43:50','2016-02-09 16:32:10'),(24,4,24,'Amet perspiciatis sed qui aliquid suscipit incidunt hic iure. Voluptatem voluptatibus qui possimus.','eveniet',50,NULL,'2018-10-05 07:16:41','1976-12-17 14:34:00'),(25,1,25,'Ducimus omnis ut distinctio nemo eius velit. Velit ducimus minus ipsa saepe ut voluptates. Repellat libero corrupti molestias.','cumque',21,NULL,'2000-12-28 14:11:09','2009-08-08 17:50:22'),(26,2,26,'Et qui id eveniet. Qui enim nesciunt et expedita occaecati. Rerum repellendus quia temporibus eligendi voluptatem. Repellendus et fugit a.','voluptas',305406,NULL,'1982-12-07 19:10:38','1991-07-20 04:19:41'),(27,3,27,'Ex quis temporibus rerum ut quidem aut sed. Enim rerum quis reprehenderit. Sed earum placeat amet fugiat praesentium enim. Sit omnis neque est et est.','dolores',95349,NULL,'2007-05-23 14:56:56','1973-04-04 16:31:57'),(28,4,28,'Est quisquam voluptatem sed excepturi dignissimos et error ut. At exercitationem recusandae mollitia est. Consequatur voluptas nemo laboriosam expedita.','modi',0,NULL,'1980-05-24 16:21:19','2021-08-22 20:34:08'),(29,1,29,'Beatae voluptas eos doloremque delectus exercitationem ipsum. Consequatur id cumque dolor et. Illum est quaerat pariatur iste nesciunt eum voluptas. Distinctio qui eligendi et qui.','quis',74881,NULL,'2020-06-22 19:37:32','1996-01-07 02:10:34'),(30,2,30,'Ducimus deleniti et debitis perspiciatis minus. Molestiae cupiditate ratione consequatur et rerum doloribus. In rerum porro alias ullam voluptate. Sint nemo eveniet ipsum accusantium.','nostrum',9473567,NULL,'1988-02-13 07:54:29','1979-08-10 09:14:32'),(31,3,31,'Necessitatibus aut est blanditiis aut id sunt. Mollitia et voluptate ducimus qui sint. Repellat et nemo consequuntur inventore.','dolorum',4058,NULL,'1999-02-01 13:51:33','2005-07-13 23:46:27'),(32,4,32,'Numquam non non tenetur consequatur laudantium nam in. Quibusdam pariatur officiis doloribus cumque. Quod ex dicta rerum rerum perspiciatis.','et',81104,NULL,'1971-11-29 02:20:09','1991-11-04 17:17:03'),(33,1,33,'Et tenetur consequatur accusamus ab et. Quis a aut impedit iure totam dolores. Architecto aut minima consequatur.','nostrum',0,NULL,'2006-10-07 14:16:47','1994-12-29 16:23:37'),(34,2,34,'Consequuntur quos commodi veniam quo ducimus sint ea facere. Aut ut pariatur voluptas. Earum sit tempora possimus et nesciunt neque.','praesentium',2,NULL,'2015-02-14 23:29:23','2017-08-21 06:52:15'),(35,3,35,'Sint perspiciatis totam sed et qui. Quae sed maxime sapiente nisi vel ut quo.','voluptas',171,NULL,'1990-08-03 10:16:24','1971-11-15 07:18:00'),(36,4,36,'Aut qui laborum quos incidunt voluptate nihil accusantium. Eaque et ullam et quibusdam dolor architecto. Voluptatem quam perferendis omnis amet voluptas. Culpa rem et ducimus modi est non magnam. Sequi reiciendis dicta architecto et.','dolores',889685304,NULL,'2002-09-21 13:09:52','1988-06-22 13:37:26'),(37,1,37,'Et ratione assumenda iste. Nihil nesciunt laudantium velit voluptatem vero blanditiis rerum. Molestiae nostrum iure deleniti autem saepe. Debitis asperiores omnis aliquid dolore quas ipsum rem.','saepe',35,NULL,'2002-05-31 20:10:34','2002-10-01 20:35:54'),(38,2,38,'Voluptatem sit maxime alias. Sed ipsam doloribus dignissimos est est fuga vel ratione. Sequi dolorum quidem dolore beatae culpa fugiat.','consequatur',0,NULL,'2008-04-25 02:00:34','1989-06-05 09:04:52'),(39,3,39,'Aut qui sint est laborum. Minus dolores repellat velit reiciendis fugit harum magni. Eum quia quia animi dignissimos neque minima. Possimus consequuntur ut deleniti et dolor.','eligendi',54462360,NULL,'1989-09-09 14:37:45','2007-03-22 06:22:30'),(40,4,40,'Aut asperiores optio animi odio ipsa aliquid explicabo. Impedit quibusdam porro et nihil vitae. Quidem nemo consequatur eveniet id. Earum nam at iure doloremque eveniet ea saepe.','provident',132583697,NULL,'2001-10-25 22:14:19','1973-05-17 02:20:04'),(41,1,41,'Enim delectus dolor blanditiis voluptas quae eum esse. Voluptatibus quia sunt delectus modi voluptates nulla reprehenderit. Nisi dolor enim qui qui aspernatur libero.','et',3830,NULL,'1988-11-08 08:06:20','2006-07-26 16:05:21'),(42,2,42,'A tempora et itaque non et voluptates. Consequuntur numquam est ut. Delectus et consequatur magni neque cupiditate eos. Ab eos et sed impedit earum.','aut',800798,NULL,'1984-02-09 09:10:29','1979-08-05 02:33:58'),(43,3,43,'Sit ad voluptates inventore quo non accusamus. Necessitatibus asperiores ut eum possimus exercitationem nobis. Pariatur et consequatur doloremque.','eum',42435647,NULL,'2008-03-21 20:27:11','2022-08-16 06:10:30'),(44,4,44,'Ab voluptas omnis perferendis tenetur vero qui voluptatem molestiae. Enim non et nesciunt. Exercitationem repellendus qui ratione magnam tempore quis ea. Veniam ab in non at similique quia.','sed',5399109,NULL,'1988-12-12 10:19:54','1990-10-08 20:19:59'),(45,1,45,'Assumenda omnis ipsam quia ut quas perferendis. Accusamus iste quos ipsum sed rerum eius molestiae. Maxime eum voluptatem et. Distinctio cumque amet rerum in. Rerum aliquam dolorem sed et.','quod',26548074,NULL,'2003-11-05 12:41:47','1984-02-27 08:54:25'),(46,2,46,'Amet est assumenda unde ut soluta aut sit. Minima at suscipit ut nam ipsam tenetur. Quia id nam vero cupiditate sequi esse quidem.','perferendis',5925200,NULL,'1980-11-28 02:47:32','2002-09-21 23:57:00'),(47,3,47,'Eligendi totam repellendus enim officia delectus. Esse id sed commodi natus ab in consectetur consequatur. Corrupti sequi et voluptate maxime aut.','similique',2040229,NULL,'1986-08-15 01:18:17','1985-09-16 01:53:46'),(48,4,48,'Dolor expedita est pariatur. In voluptas ex aut omnis. Deleniti perferendis eum ut illo minus aperiam.','qui',196,NULL,'2008-07-14 07:01:20','1971-04-21 15:34:54'),(49,1,49,'Optio omnis repellat ut reiciendis temporibus earum. Quod voluptas non numquam eos veritatis cumque fugiat. Vero ratione quia provident aliquam possimus eligendi. Non quae aliquam aut. Voluptate culpa vel iure nihil possimus quasi magnam.','enim',49266848,NULL,'1982-12-30 17:40:16','1982-10-20 16:19:57'),(50,2,50,'Error ex ab est ut earum laudantium libero voluptates. Numquam possimus voluptatem magnam veniam veritatis. Tenetur corrupti molestiae ratione ut quia eum. Quis repellat et consequatur repellendus laudantium voluptatum doloremque ratione.','iure',39,NULL,'2004-11-18 15:50:57','1975-07-23 11:06:22'),(51,3,51,'Quae id dolorum doloremque suscipit. Quo reiciendis odit nobis rerum sit voluptas cumque in. Aliquam non ratione tenetur molestiae molestiae cupiditate sed aut. Modi facilis aperiam provident nihil cum labore eum.','non',907,NULL,'1980-06-14 10:40:59','1988-12-22 16:28:18'),(52,4,52,'Mollitia minus molestiae iste labore et non. Sint aut suscipit a eum. Non eum laudantium doloribus qui. Impedit quo ut illum nihil iusto quia neque voluptates.','voluptatum',58856,NULL,'1997-11-25 18:55:02','2011-12-19 12:24:45'),(53,1,53,'Fugiat eum corporis accusamus. Non id ut dignissimos voluptas quasi. Ad ipsam aliquid nostrum. Inventore ea qui minima dolorem.','tempore',484092869,NULL,'2005-09-13 02:22:10','2003-07-10 19:03:13'),(54,2,54,'Modi non numquam nulla ipsam. Dignissimos quo mollitia natus. Fugiat non numquam error soluta. Perferendis nobis et blanditiis quia aut.','recusandae',4,NULL,'1979-07-03 04:27:17','1978-04-28 02:37:28'),(55,3,55,'Quo est et non. Adipisci sunt rerum voluptate et praesentium.','reprehenderit',3,NULL,'1981-03-19 09:57:48','1984-04-07 10:05:52'),(56,4,56,'Quidem est est illum animi quisquam possimus impedit est. Iste soluta beatae ut laudantium eum quisquam labore. Aliquid aperiam ratione aut possimus qui.','cupiditate',0,NULL,'2000-04-15 23:44:49','2014-03-20 23:05:04'),(57,1,57,'Facilis voluptatum culpa occaecati atque. Et dignissimos ut a inventore dolorum impedit odio. Eaque suscipit et est est. Nam autem tempore ex veniam tempora suscipit quis.','delectus',0,NULL,'2016-05-04 23:04:28','2018-08-07 12:51:32'),(58,2,58,'Facilis ut beatae itaque quis non voluptatem excepturi similique. At nobis optio ducimus suscipit ut ipsam. Est veritatis tempora quia ut perferendis est.','fugiat',959769719,NULL,'2018-03-12 00:23:33','1992-12-07 14:41:21'),(59,3,59,'Vitae quae laudantium delectus ut in. Est possimus quia similique molestiae consectetur. Ut commodi dolorum quidem placeat blanditiis vitae.','beatae',220,NULL,'1986-06-20 20:39:42','1989-10-14 05:21:55'),(60,4,60,'Dolorem praesentium velit minus doloremque ipsum aut recusandae. Deleniti a maiores dicta eos molestiae expedita veritatis earum. Sed sunt dolores nesciunt dolor.','qui',1670,NULL,'2006-11-13 20:59:28','1982-08-12 08:41:50'),(61,1,61,'Quia natus quos repellat ut. Ullam maxime praesentium eum consequuntur. Laborum et et nihil et tempore qui cupiditate. Incidunt cumque quia voluptate adipisci rem accusamus corrupti.','distinctio',44075,NULL,'1996-11-03 10:02:00','1998-10-25 04:45:00'),(62,2,62,'Nobis ea voluptas vero. Harum minima distinctio consequatur sint amet aut. Omnis iure quia vitae voluptatibus vel vel. Voluptas cupiditate cum facilis itaque dolorem placeat non.','fuga',2,NULL,'2002-09-30 00:13:18','2013-07-23 07:50:03'),(63,3,63,'Perferendis est non at cupiditate qui. Labore et et est et non fuga eos. Nulla qui sed facilis quas. Eaque ipsum qui et non ad dolor facilis qui. Sit numquam nihil enim possimus quas.','sunt',5080,NULL,'2022-01-01 02:09:57','2021-05-14 03:52:15'),(64,4,64,'Eaque dolore itaque ex blanditiis nisi. Dolor necessitatibus sequi aspernatur hic. In mollitia praesentium iste perferendis alias.','sint',4786,NULL,'2012-01-23 11:11:44','2008-09-11 16:20:15'),(65,1,65,'Expedita aliquam facilis temporibus vero deserunt velit veniam distinctio. Assumenda dolor et dolore et. Sequi culpa odit eveniet qui ut. Cupiditate at porro ex nostrum veritatis.','in',693701,NULL,'2002-02-22 16:43:28','2000-06-19 19:47:28'),(66,2,66,'Necessitatibus voluptatem mollitia ab adipisci tenetur ut et. Id nesciunt expedita quia praesentium rerum pariatur quia. Et id sed enim ut mollitia magnam amet.','repellat',6701594,NULL,'2006-07-09 21:07:17','2018-11-11 20:33:32'),(67,3,67,'Aliquam rerum sint at est aspernatur eveniet sed. Accusamus dolorem at nihil quo optio. Quod nesciunt omnis magni quia laboriosam est vel et. Corporis rerum ullam tempore quia.','alias',74,NULL,'2002-08-23 20:04:35','2000-11-07 17:21:50'),(68,4,68,'Quibusdam quis libero sint. Perferendis nihil ut voluptatem quos corrupti.','rerum',1720,NULL,'1977-10-12 21:36:03','1986-05-16 20:06:01'),(69,1,69,'Ducimus rem facere et voluptas unde esse molestiae. Dolore deleniti quis ipsum officiis eveniet magni. Consequatur natus eaque quia ad sed illo.','eius',5,NULL,'2008-10-01 06:01:52','2000-01-21 16:32:51'),(70,2,70,'Amet eveniet molestiae et omnis fuga. Modi beatae deleniti modi sint dolores consequatur quae. Numquam temporibus vero at laboriosam. Aliquam id facilis voluptas doloremque vitae rerum deleniti.','quod',606,NULL,'1991-06-09 11:03:56','2004-08-27 14:14:57'),(71,3,71,'Et temporibus adipisci debitis voluptatibus voluptatem beatae officiis. Dolorem fugit eos necessitatibus nulla dicta mollitia.','atque',3,NULL,'1985-06-27 01:04:41','2006-09-02 17:56:16'),(72,4,72,'Nisi vel eum ut ut dolore officia. Eligendi harum et et sed perspiciatis. Expedita quod libero ut ut.','quia',3706,NULL,'1970-09-06 02:39:08','1993-06-12 04:57:56'),(73,1,73,'Et maxime id veritatis et illum ut aut. Est facere iste iste autem dolorum vero non ipsum. Ex minima praesentium cum corporis quidem. Et consequatur ea omnis est ut.','reprehenderit',40,NULL,'2018-12-13 17:06:11','1977-04-04 05:29:30'),(74,2,74,'Id et vel rerum architecto laborum et porro. Rerum perspiciatis ut beatae pariatur voluptatem quaerat repellat. Voluptatem architecto iusto deserunt suscipit. Et aut voluptates error excepturi voluptatem dolore quam dicta.','recusandae',0,NULL,'1980-03-02 04:15:09','1971-06-27 16:59:37'),(75,3,75,'Error quia ipsum cupiditate sit animi soluta vero aspernatur. Quo neque accusamus quas similique aut eum iste. Beatae eligendi dignissimos aut minus quos eaque.','enim',15248634,NULL,'1981-04-25 07:12:36','1990-08-11 15:41:49'),(76,4,76,'Occaecati qui odit aperiam rem esse iure ut eius. Et incidunt dolorum ut ut corrupti. Exercitationem rerum magni provident nam odit eos laboriosam corporis.','aut',0,NULL,'2019-07-03 06:02:46','2012-05-06 11:33:35'),(77,1,77,'Vel cupiditate ut perferendis dolore. Non autem doloremque culpa quos sed alias. Et quia asperiores et modi.','ea',9686,NULL,'2020-05-19 05:51:48','1986-07-19 06:45:06'),(78,2,78,'Et sunt quia quis rerum quos non fuga qui. Reprehenderit rem facilis tenetur. Reprehenderit soluta esse eveniet fugiat amet.','architecto',1,NULL,'2009-12-04 06:14:56','2001-03-25 17:09:02'),(79,3,79,'Tempore minima aliquid non qui. Quis explicabo dolores labore sint ipsam non ratione. Animi nihil quaerat voluptatem et distinctio necessitatibus. Esse veniam molestiae qui omnis.','sunt',356894,NULL,'2013-12-24 09:37:40','1990-07-26 03:02:02'),(80,4,80,'Voluptates omnis rerum consequatur quia ipsum. Exercitationem cum quia ullam et rem praesentium id. Quos qui quos expedita eos velit facilis explicabo. Numquam voluptatibus ullam facilis voluptatem.','rerum',53985,NULL,'1983-04-19 07:56:51','1992-01-18 06:25:13'),(81,1,81,'Non odio quia sint est. Voluptatum corrupti sed eum. Consequuntur dolorem quae quibusdam mollitia quibusdam. Sint rerum illo velit voluptatem eaque sapiente consequuntur.','fugit',646,NULL,'1993-01-11 18:15:06','2021-05-31 03:58:49'),(82,2,82,'Magni ut quod quo ipsam voluptatum. Dignissimos ut autem voluptatem sunt. Iure in officia repudiandae at sed earum pariatur modi. Illum consequatur laudantium officia.','vero',1899993,NULL,'1993-11-14 03:55:44','2016-07-05 15:12:28'),(83,3,83,'Doloribus nobis ullam totam. Voluptatem nemo dolor laborum laudantium sed nemo. Sit iusto non dolorem eligendi fugiat enim. Tempora dolores repellendus corporis facilis voluptatibus explicabo eum voluptatem.','corrupti',386,NULL,'1987-01-30 20:53:09','1995-11-14 07:25:00'),(84,4,84,'Nam ipsam ipsam velit dignissimos sequi. Voluptas exercitationem voluptas aut sit dolores tenetur in. Fugiat ea sit similique officiis necessitatibus.','iusto',780635699,NULL,'1976-10-29 06:24:30','2004-06-07 16:09:55'),(85,1,85,'Et eos et accusantium. Commodi rerum voluptatem magni provident accusamus laborum sint. Maiores repellat illum ab rerum fugiat omnis dolorum. Repellat aspernatur commodi voluptate expedita.','quia',8,NULL,'1973-09-24 17:01:18','1975-12-21 11:55:15'),(86,2,86,'Magnam voluptatum repellendus sed autem assumenda officiis. Reiciendis nihil quia itaque aliquam est. Deserunt debitis cumque placeat necessitatibus repellendus nobis enim. Ut cumque numquam ut inventore facere.','ut',28,NULL,'2013-02-23 13:03:23','2021-12-26 21:06:58'),(87,3,87,'Eius dolores ex est facere dolorum. Sint corporis eveniet quisquam in omnis eum esse. Corrupti error sed eum ea est rerum.','odio',69219702,NULL,'1975-09-19 19:40:09','2012-06-16 00:17:34'),(88,4,88,'Doloremque consequuntur consequatur sed possimus consequatur. Porro est cum nulla dolorem perferendis eaque. Et saepe quidem eligendi qui rem non. Quo dolor perferendis commodi.','nostrum',5303,NULL,'1980-07-05 02:39:57','1972-04-04 16:05:55'),(89,1,89,'At necessitatibus sit voluptas ut exercitationem ea. Dolor est sunt aperiam iure dolorem aut ut. Alias ut natus enim quo.','consequatur',52,NULL,'2001-11-18 23:49:00','1985-06-20 06:01:43'),(90,2,90,'Ducimus nihil aut magni consectetur. Quo maxime possimus itaque ut voluptatem facere. Nemo minima eos quod dolore quam.','quibusdam',7,NULL,'2012-09-20 08:01:08','1999-08-06 16:30:20'),(91,3,91,'Asperiores sint aut architecto quia quo non iste inventore. Quo sequi et voluptas ipsam. Ad deserunt commodi distinctio fugiat beatae ipsum sed.','veniam',82965,NULL,'1976-05-07 20:44:09','2012-05-06 23:22:05'),(92,4,92,'Amet facilis delectus dignissimos. Totam praesentium accusantium natus similique. Voluptatem ab ad dolorem hic cum.','magni',0,NULL,'1989-05-04 20:23:05','2014-03-20 06:55:19'),(93,1,93,'Sit quia neque minus dolore. Omnis iste dolorem nisi hic libero hic.','et',195809,NULL,'1995-02-15 21:00:53','2015-07-22 21:37:19'),(94,2,94,'Ut numquam autem voluptatem officia at alias sed. Cupiditate et voluptate quidem voluptates doloribus ut totam ut. Autem illum occaecati accusamus at.','consectetur',0,NULL,'2016-12-31 02:53:17','2009-09-09 02:13:58'),(95,3,95,'Sint sunt earum cum totam porro molestiae earum laborum. Atque repudiandae repudiandae fugit et totam et autem quas.','et',52386,NULL,'2005-01-03 05:36:58','1997-07-21 07:34:12'),(96,4,96,'Aperiam iure placeat pariatur et molestiae ratione. Non qui suscipit et. Voluptatem autem ut deleniti omnis perferendis rerum rem. Autem iusto nobis qui.','saepe',27827,NULL,'2014-03-17 06:35:16','1979-07-13 12:19:44'),(97,1,97,'Enim asperiores voluptatem qui molestias pariatur voluptatum amet. Et nulla sit et provident ea. Omnis illum eligendi tempora. Enim autem recusandae vitae sequi iusto cum. Possimus sed placeat ipsam quibusdam.','ducimus',5,NULL,'2018-05-28 20:41:22','1974-03-29 02:42:51'),(98,2,98,'Odit explicabo repellendus vel. Provident omnis quidem consectetur et dolore autem quam. Ut sed dolorem in laborum explicabo. Et quam ut nostrum quis in voluptatum.','dolor',2379,NULL,'2017-08-30 03:39:05','1987-08-04 09:40:36'),(99,3,99,'Impedit itaque eos et ut. Possimus quisquam assumenda harum non.','ea',936791052,NULL,'2004-11-28 07:21:37','1975-05-20 07:25:15'),(100,4,100,'Non error ut cupiditate ab ut. Suscipit molestias quam culpa iusto libero commodi qui occaecati. Error id rerum suscipit. Voluptas esse aperiam laborum eos magnam atque dolore.','natus',45425321,NULL,'2009-09-14 16:10:37','1990-03-11 01:10:08');
/*!40000 ALTER TABLE `media` ENABLE KEYS */;
UNLOCK TABLES;

--
-- Table structure for table `media_types`
--

DROP TABLE IF EXISTS `media_types`;
/*!40101 SET @saved_cs_client     = @@character_set_client */;
/*!40101 SET character_set_client = utf8 */;
CREATE TABLE `media_types` (
  `id` bigint(20) unsigned NOT NULL AUTO_INCREMENT,
  `name` varchar(255) COLLATE utf8mb4_unicode_ci DEFAULT NULL,
  `created_at` datetime DEFAULT current_timestamp(),
  `updated_at` datetime DEFAULT current_timestamp() ON UPDATE current_timestamp(),
  PRIMARY KEY (`id`)
) ENGINE=InnoDB AUTO_INCREMENT=5 DEFAULT CHARSET=utf8mb4 COLLATE=utf8mb4_unicode_ci;
/*!40101 SET character_set_client = @saved_cs_client */;

--
-- Dumping data for table `media_types`
--

LOCK TABLES `media_types` WRITE;
/*!40000 ALTER TABLE `media_types` DISABLE KEYS */;
INSERT INTO `media_types` VALUES (1,'earum','1997-09-15 20:21:33','1981-05-18 19:10:44'),(2,'accusantium','2013-07-01 23:13:20','2015-06-13 11:16:08'),(3,'pariatur','2017-05-05 06:10:50','1980-07-06 23:06:56'),(4,'voluptas','2020-05-03 17:34:36','1994-11-03 12:23:33');
/*!40000 ALTER TABLE `media_types` ENABLE KEYS */;
UNLOCK TABLES;

--
-- Table structure for table `messages`
--

DROP TABLE IF EXISTS `messages`;
/*!40101 SET @saved_cs_client     = @@character_set_client */;
/*!40101 SET character_set_client = utf8 */;
CREATE TABLE `messages` (
  `id` bigint(20) unsigned NOT NULL AUTO_INCREMENT,
  `from_user_id` bigint(20) unsigned NOT NULL,
  `to_user_id` bigint(20) unsigned NOT NULL,
  `body` text COLLATE utf8mb4_unicode_ci DEFAULT NULL,
  `created_at` datetime DEFAULT current_timestamp(),
  PRIMARY KEY (`id`),
  KEY `from_user_id` (`from_user_id`),
  KEY `to_user_id` (`to_user_id`),
  CONSTRAINT `messages_ibfk_1` FOREIGN KEY (`from_user_id`) REFERENCES `users` (`id`) ON DELETE CASCADE ON UPDATE CASCADE,
  CONSTRAINT `messages_ibfk_2` FOREIGN KEY (`to_user_id`) REFERENCES `users` (`id`) ON DELETE CASCADE ON UPDATE CASCADE
) ENGINE=InnoDB AUTO_INCREMENT=101 DEFAULT CHARSET=utf8mb4 COLLATE=utf8mb4_unicode_ci;
/*!40101 SET character_set_client = @saved_cs_client */;

--
-- Dumping data for table `messages`
--

LOCK TABLES `messages` WRITE;
/*!40000 ALTER TABLE `messages` DISABLE KEYS */;
INSERT INTO `messages` VALUES (1,65,88,'Minima id et et earum. Quisquam quod quibusdam optio quia quam voluptates doloribus. Voluptas ut et optio provident est distinctio. Saepe dolorum corrupti aut nihil aut veniam.','1979-04-07 18:30:19'),(2,77,81,'Nulla qui esse odio. Eos minima architecto quia recusandae qui magnam molestiae. Nemo recusandae consectetur sed velit. Inventore sapiente expedita tempora officia.','2010-02-20 04:08:53'),(3,98,74,'A dolores beatae optio numquam doloribus dolor. Suscipit numquam et repudiandae eius sit itaque incidunt. Officiis aut explicabo quos hic sed neque occaecati fuga.','1976-11-18 21:13:07'),(4,11,97,'Vitae eum debitis earum voluptatem unde laudantium distinctio. Placeat non vitae aliquid earum facilis ut. Laboriosam et quod necessitatibus cum exercitationem quis aut.','1981-04-25 14:01:05'),(5,1,47,'Vitae perspiciatis unde autem laborum cupiditate exercitationem rerum. Molestiae blanditiis error quae dolore omnis. Corrupti quas magnam quia sapiente in veritatis laborum. Facilis laborum ex eius inventore nam qui eum.','1999-12-16 15:19:58'),(6,98,95,'Dolorem voluptas quam deserunt est et ad voluptas. Rerum dolorem perferendis voluptatibus voluptas. Tempora omnis qui ab consequatur consequatur qui.','2020-08-25 15:59:45'),(7,51,67,'Hic praesentium et et autem et neque. Pariatur minima harum optio omnis voluptate. Cupiditate perspiciatis sint occaecati corporis quis. Aspernatur suscipit minus molestiae perferendis et autem.','1980-01-25 22:44:38'),(8,56,73,'Quis voluptatem earum quidem dolor et. Mollitia sit voluptas aut. Similique doloribus tenetur molestias quos.','2008-06-24 19:24:09'),(9,10,67,'Ut eaque deleniti ea ea consectetur. Dolorum ipsam est illo perspiciatis. Soluta magnam sint earum ad quam accusamus. Amet placeat ut aut voluptatem voluptates soluta sequi.','2010-11-09 08:02:53'),(10,80,100,'Ut ipsa non molestiae. Enim et iure rem provident quidem vitae voluptas consequatur. Ipsa animi omnis laboriosam placeat.','1985-03-05 04:13:15'),(11,53,61,'Fugiat id voluptate optio quia temporibus. Corrupti qui qui nobis qui quia cum dolores iusto. Nobis ab doloribus sequi debitis. Aut omnis dicta aperiam qui nostrum harum.','2017-09-29 18:39:09'),(12,56,93,'Ducimus omnis soluta tempora et est. Non odio dolor ad commodi. Necessitatibus dignissimos iusto voluptatem quaerat. Qui molestias eius cupiditate soluta.','1978-06-12 17:34:08'),(13,64,60,'Voluptatem optio accusantium qui corrupti voluptas. Est debitis in ab. Ut omnis dolor at saepe ipsum magnam dolorem.','1979-10-25 21:02:03'),(14,93,17,'Officia culpa est ut magni est et. Ut molestiae consequatur quidem a qui sit.','2019-11-05 01:31:55'),(15,91,47,'Voluptas praesentium ad nobis officia voluptatem reiciendis doloribus dignissimos. Quo perspiciatis maxime est. Voluptatem molestiae quidem eum libero repellendus illum.','2004-05-21 00:31:21'),(16,91,56,'Nihil ut nostrum est recusandae est. Et laboriosam vel aut voluptas. Consectetur dolor fuga atque. Et voluptatem necessitatibus deleniti sit esse ipsum.','1985-08-02 10:56:21'),(17,34,68,'Consectetur temporibus ab nihil at quod. Qui est est voluptate. Aut molestiae ipsam culpa omnis et laborum occaecati ducimus.','1988-06-22 22:36:27'),(18,36,32,'In dolorem ex consectetur est. Ex eum omnis atque repudiandae necessitatibus dicta. Nostrum est nihil recusandae ut doloremque et. Est voluptatem consequatur est.','1987-04-21 20:56:41'),(19,41,46,'Et ut sit occaecati minima ut sunt fugiat. Enim natus reprehenderit dolores occaecati. Aut nulla beatae nostrum accusantium eos.','1986-06-13 06:56:38'),(20,29,41,'Molestiae facere corrupti quia. Autem fugit velit optio voluptatem at dolorum. Voluptates voluptatem fugit est unde architecto dolores vitae.','1987-07-19 01:26:18'),(21,93,27,'Sint similique doloribus ut doloremque est. Molestiae minus libero esse aliquid. Temporibus eius modi velit tempore. Nostrum architecto accusamus consectetur numquam vitae corrupti.','2003-08-25 05:38:03'),(22,36,44,'Corrupti tempore repellat qui itaque asperiores esse quis. Sequi rerum id sint sed enim at. Maxime at quas asperiores reiciendis molestias eius.','2003-03-12 08:04:30'),(23,93,91,'Et nulla qui eligendi voluptas. Iusto vel eaque eveniet vel cupiditate sunt exercitationem.','1989-06-02 07:53:20'),(24,17,3,'Pariatur velit dolores quae quae magni laborum sunt. Quo quo nulla quisquam qui voluptatibus temporibus error. Consequatur sit autem qui a unde sed quis maxime. Qui distinctio harum accusamus dicta at.','1974-10-29 12:55:35'),(25,58,96,'Sit ut architecto nesciunt libero. Cupiditate est rerum accusamus nam molestiae quia labore. Modi culpa rerum nesciunt autem dolor reprehenderit a. Veritatis rerum enim reiciendis delectus at.','2020-05-26 23:44:28'),(26,2,10,'Voluptatem est eius rem doloremque ea. Atque qui minus quisquam incidunt quaerat. Rerum est possimus odio non. Quos a laborum cumque adipisci rerum.','1993-04-20 22:35:05'),(27,57,58,'In earum aut ratione optio error velit sed. Rerum cum voluptatem aliquid laboriosam. Aliquam officia cupiditate nam cupiditate voluptatem.','2022-06-17 19:12:49'),(28,2,20,'Enim omnis itaque suscipit voluptas ex. Nam rerum aut doloremque impedit ad perferendis placeat non. Sed id eius dignissimos laborum.','2016-08-23 20:57:17'),(29,17,95,'Iusto voluptatem sit eius sit incidunt asperiores. Amet nemo repudiandae iste in. Ipsa iure ipsam a iusto aspernatur mollitia.','1982-02-16 19:57:02'),(30,37,7,'Aliquid quos facere nobis excepturi ut. Sapiente voluptatem beatae aut vero aut velit temporibus. Optio earum voluptatum porro qui.','1998-07-08 03:41:25'),(31,42,27,'Excepturi et repellendus labore quo. Ad ipsam sint consequuntur voluptatem. Sint atque ut omnis autem omnis. Doloremque occaecati quidem voluptates et.','2009-08-03 22:32:32'),(32,63,75,'Consequatur omnis suscipit inventore provident. Ipsa porro voluptatem animi beatae aspernatur ut.','2019-04-25 09:32:25'),(33,94,98,'Architecto aut ipsum labore. Sunt nobis consectetur dignissimos. Nobis rerum nihil doloremque illum. Voluptas perferendis perferendis omnis quo id sit dolores.','1989-11-06 01:33:38'),(34,7,34,'Quia quas expedita blanditiis labore corporis expedita. Et labore sit blanditiis et nihil quis dolores vero. Amet natus alias dolor sit. Debitis beatae sint voluptates sed nihil reprehenderit repellat. Doloremque quod error doloribus voluptas.','2003-11-19 22:40:58'),(35,44,35,'Alias explicabo sit maiores soluta est dolorem consequuntur aut. Odio fugiat quia earum numquam cupiditate similique quibusdam. Quas nihil ad quo incidunt dolorem. Qui natus voluptates illo tenetur minima voluptatem sint.','1996-12-18 10:45:43'),(36,75,36,'Dicta voluptatem est rerum nesciunt sed debitis. Quia animi molestias odio nemo. Sit repellendus quasi laborum eos magnam at voluptate assumenda. Consequatur inventore exercitationem optio. Praesentium fugit aut sit iure et.','1974-04-21 04:50:26'),(37,61,10,'Unde dolorem sapiente aspernatur ex recusandae rerum incidunt placeat. Culpa qui ipsam modi ut.','2018-02-22 00:15:54'),(38,79,53,'Numquam aut aut repudiandae et aut accusamus. Ut quasi ut aut pariatur illo quia voluptatem nisi. Repellat molestiae nihil quo quasi ipsum labore et. Quia quaerat accusamus vel sunt sequi quo. Labore commodi repellendus aspernatur earum velit minima.','2000-09-22 23:50:20'),(39,1,95,'Cum est velit quis voluptates nesciunt. Minima labore officia quia. Nihil ratione quisquam in et qui saepe dolorum magni. Ullam vero voluptates amet non eos. Et similique unde sed incidunt inventore repellat.','1973-01-31 08:23:44'),(40,55,58,'Rerum ullam quia commodi neque. Quia perspiciatis et eum natus et sed. Incidunt animi et repudiandae quae blanditiis. Et possimus rerum ut aut at ut officia.','1970-10-16 08:52:14'),(41,91,57,'Est corporis iusto repellendus dolorem. Et et necessitatibus fuga exercitationem. Veritatis qui ipsum magnam omnis est.','2010-10-12 09:09:50'),(42,68,47,'Quisquam eaque ipsam ut quis autem alias cum. Autem et quasi recusandae provident laborum.','1999-04-10 19:12:11'),(43,14,70,'Molestiae animi aut ut iusto porro inventore. Nihil ducimus id dignissimos magni. Est cum iste doloremque.','1997-05-27 12:06:07'),(44,67,30,'Est praesentium adipisci illo qui quod voluptatem. Et dolores autem consequatur molestias animi animi voluptas. Velit ratione vitae aspernatur velit necessitatibus.','1980-09-14 00:37:12'),(45,65,3,'Nihil quisquam ea nulla. Autem autem voluptas ut dolor perspiciatis fugiat quam. Placeat corrupti quo reprehenderit vitae quasi.','1997-03-22 00:56:59'),(46,37,6,'Nihil ut voluptas quia aliquam. Beatae possimus fugiat dignissimos in veniam omnis. Sint eos occaecati voluptatem et quos voluptatem. Est et cumque quibusdam laudantium unde.','2019-11-09 05:54:25'),(47,30,99,'Molestiae qui ut et voluptatem. Maiores sint dolore occaecati ullam ut facere nihil. Excepturi explicabo perferendis qui est. Ut magnam ut placeat autem consectetur totam.','2004-02-25 06:49:21'),(48,81,24,'Et dolor ratione magni quaerat unde. Facere eos laudantium saepe sunt. Architecto recusandae rerum perspiciatis ut eum. Doloribus perferendis sunt sunt tenetur qui.','1988-09-09 12:20:42'),(49,96,87,'Sequi aut in facilis illo voluptate veritatis. Recusandae totam aspernatur maiores itaque recusandae beatae. Placeat doloribus qui quia aut quis. Blanditiis tempore ab harum at.','1983-01-12 06:16:30'),(50,58,40,'Aspernatur impedit et et molestiae beatae et. Qui perferendis at beatae. Aut officiis impedit consectetur voluptatem sapiente perferendis. Magnam consectetur est rerum et.','1993-12-29 11:43:19'),(51,21,32,'Officia dicta distinctio ullam laborum deleniti. Repellendus corporis enim at aperiam iusto adipisci. Quaerat voluptatem cumque eum in nesciunt. Omnis aperiam illum minima quia unde. Sunt quia consectetur laboriosam ut in nulla maiores.','2008-06-02 01:27:29'),(52,75,82,'Ab dolor voluptate voluptatem corporis totam sit blanditiis. Voluptas voluptatibus qui qui sapiente. Beatae commodi quibusdam voluptatem ut. Quod maiores eveniet dolorum omnis et eius quam. Et exercitationem aut ea voluptatem nostrum mollitia.','1999-08-12 10:23:48'),(53,42,54,'Et eligendi explicabo et. Sed quia iusto dolore. Voluptatem ducimus corporis et. Asperiores officia iusto vel et vitae voluptas.','1988-01-28 12:44:55'),(54,34,42,'Consectetur facilis accusamus saepe autem nemo. Rerum voluptas similique qui. Harum magnam ea neque. Rerum at consequuntur nulla magni ratione est voluptas rerum.','2015-10-10 20:44:35'),(55,49,89,'Numquam aut sed et omnis ipsam error qui sunt. Nostrum libero explicabo illo ut eum. Est facilis ipsam deleniti molestiae quia nesciunt quidem. Ratione quos facilis ut ut dignissimos.','2019-03-19 22:15:46'),(56,100,39,'Facere error labore quia corrupti non laboriosam saepe. Nihil officia deserunt itaque reprehenderit. Assumenda earum doloribus dolor accusamus reiciendis illum culpa doloribus. Deserunt amet et saepe consequatur placeat sunt.','1993-02-09 03:47:17'),(57,45,68,'Numquam eos ut iusto quisquam inventore tenetur consequatur. Aperiam voluptate iure consequuntur dolorum animi qui. Sed qui sit vel praesentium qui. Amet totam ad eligendi provident sit similique natus. Sequi harum doloribus esse rem in.','1978-07-27 16:03:14'),(58,86,58,'Dicta sed itaque sit a possimus ut numquam tempora. Quisquam quia molestiae pariatur molestiae. Non rerum eum ipsa necessitatibus magni dolores consequuntur ea.','1985-10-17 11:58:15'),(59,37,53,'Nobis consequuntur repellat illo fugiat est et. Et eaque voluptatem ea iure incidunt provident. Labore ut iure est libero mollitia quia maiores.','1971-01-29 00:44:43'),(60,87,2,'Exercitationem minus numquam aliquam dolor ad dolor laborum. Velit sunt et quia dolor.','1970-06-07 07:23:38'),(61,56,24,'In ullam ullam eos aliquid sed. Sapiente expedita ipsa et corporis dolorum ut.','1984-04-21 04:50:41'),(62,7,85,'Incidunt consequuntur nisi ut modi. Accusantium alias deleniti deleniti omnis adipisci enim. Ea exercitationem expedita sunt maxime dolorem sint eius. Quasi consequatur nesciunt quis mollitia consequatur ipsam cum. Magnam nobis omnis ut quam.','2013-07-18 08:06:00'),(63,22,87,'Voluptatem dolorem et nam excepturi. Est mollitia eaque magni et explicabo qui. Qui aut atque est harum.','2005-03-01 15:30:16'),(64,9,18,'Velit in ut explicabo tempora sequi non. Iure eaque similique consequuntur tempora voluptas sint et. Labore natus nemo ut occaecati veniam. Necessitatibus fuga saepe quia iusto iusto.','1989-12-28 15:01:29'),(65,74,66,'Nobis voluptates deserunt corrupti deserunt atque aliquam facere mollitia. Non itaque autem accusamus et. Dolores eius ad vero maxime perspiciatis non qui.','2004-10-07 20:42:55'),(66,57,94,'Voluptas accusamus qui deleniti voluptate ab veniam. Libero at dolor ab eos. Ad libero aperiam omnis ducimus ducimus corrupti. Quo praesentium reprehenderit accusantium atque libero quo quia.','1993-01-24 06:54:16'),(67,97,32,'Accusamus temporibus a accusamus et reiciendis. Consectetur voluptatem laborum a aperiam a libero et odit. Explicabo dolor reprehenderit est dolorem ipsa ab quae. Recusandae repellendus ea officiis quod.','2016-08-20 19:26:43'),(68,76,39,'Est similique amet quas odit qui voluptatem quas facilis. Sed laudantium quos qui. Nam atque neque veniam ipsa.','1994-09-10 04:26:12'),(69,85,9,'Enim ratione nostrum voluptatem qui. Quos doloribus consequatur doloribus quis dolor illum neque. Quasi sint veritatis modi reprehenderit veritatis quaerat quo.','2006-05-07 20:16:12'),(70,80,34,'Et doloribus similique amet molestiae qui sit. Officiis debitis qui velit ut. Libero dolores possimus rerum dolore optio. Eius doloribus minima quia.','2011-06-04 17:36:23'),(71,98,79,'Sit quo architecto dolorem et similique pariatur. Non odit ut ut molestiae. Pariatur cum officiis facilis nemo. Sit odit dignissimos temporibus laudantium est quae beatae dicta.','1997-11-20 13:04:19'),(72,73,42,'Quia voluptas et et veniam id tempore. Quisquam qui ea sed explicabo. Ipsa qui fugit deserunt. Sit suscipit itaque sint amet enim est sit.','2007-03-26 13:35:47'),(73,46,59,'Esse perferendis voluptate dolore laborum sit occaecati. Unde quasi sint non. Quia at iusto maxime sunt. Deserunt eum deleniti consectetur voluptatem laborum.','1973-01-27 19:04:18'),(74,99,83,'Beatae repellendus accusamus magnam esse sint quis. Non error expedita porro voluptas. Quia sint et iusto nulla molestiae molestias facilis corrupti.','1990-05-14 16:39:41'),(75,11,86,'Sed quibusdam commodi est magnam in odit consequuntur. Ducimus et autem dolor illo.','1985-04-26 16:23:42'),(76,84,66,'Ut id voluptas eaque ea et. Ullam veniam commodi et adipisci omnis vitae pariatur aut. Minima maxime sit illo perferendis magni aut ea ratione. Est et aut animi sint.','2020-09-30 08:45:37'),(77,9,91,'Reprehenderit alias aut alias fugit. Alias pariatur et consequatur perspiciatis ipsum. Eaque ut necessitatibus nihil exercitationem. Placeat eligendi facilis totam dicta sint aut.','2012-09-03 23:17:26'),(78,51,31,'Dolorem similique quis aut autem rem. Est perferendis harum deserunt ea sed est repudiandae. Repudiandae minus repudiandae quos corrupti ex reiciendis.','2004-10-12 01:28:12'),(79,77,59,'Voluptas ut voluptas expedita ut eveniet aspernatur. Eos et soluta sit autem voluptate.','1996-10-18 04:29:59'),(80,48,51,'Eveniet adipisci sint dolores. Enim est est ex iusto. Aut harum quo deleniti rerum commodi.','2010-03-30 11:42:00'),(81,25,4,'Voluptatem debitis tempore omnis aut. Distinctio aperiam voluptas voluptas voluptatum. Fugit sit ut sit consectetur ut.','2005-03-22 02:15:36'),(82,45,22,'Et reprehenderit deleniti est sapiente. Tempora architecto quo autem suscipit incidunt quaerat distinctio. Ducimus debitis perspiciatis molestias numquam quia. Qui et alias officia autem omnis in voluptate. Aliquid cupiditate itaque doloremque animi voluptas.','2018-01-30 23:53:59'),(83,36,20,'Tempore et et velit exercitationem. Ipsum voluptas aliquid cupiditate blanditiis molestiae voluptas illo.','2017-12-11 05:11:24'),(84,60,20,'Fugit ut vero repellat quia eaque. Et et quaerat iusto aut. Facere quisquam tempore veritatis nihil ut.','1981-02-27 22:11:43'),(85,29,39,'Voluptas adipisci repudiandae perspiciatis culpa. Voluptatum dolorem numquam ut suscipit unde cum. Est dicta architecto quasi. Enim quam velit et officia minima enim quia. Dignissimos sit sit saepe aut est libero similique.','2013-06-06 08:33:11'),(86,54,26,'Voluptatibus molestiae vero et et. Iure quis et modi blanditiis ut sint.','2005-04-07 13:02:09'),(87,18,26,'Sit commodi illo repellat adipisci quam. Itaque ea alias voluptatem voluptatum libero et in. Veritatis placeat architecto beatae omnis sint. Aut incidunt sint harum vero sapiente sed reprehenderit.','2020-10-02 21:32:31'),(88,67,64,'Eos perspiciatis alias nihil eum in. Provident aut et nostrum accusamus esse. Soluta eius eius et eius. Dolorem adipisci aut ullam in et in et.','2011-03-09 20:16:50'),(89,84,66,'Nihil nostrum sint ea. Voluptatem molestias omnis doloribus. Dolore quia consequuntur totam hic iusto cupiditate. Omnis ullam qui minus fugiat ipsam autem hic cupiditate. Et quo distinctio sed sit.','1984-01-10 05:01:59'),(90,46,94,'Ipsa modi id sequi rerum quas quia temporibus. Ipsa non adipisci recusandae nihil eum sed sint corporis.','2005-09-27 17:01:43'),(91,52,30,'Pariatur et suscipit ipsa nostrum non. Labore rerum et nam voluptas aut repellat. Doloribus mollitia ut itaque repellat libero.','1977-07-05 05:13:47'),(92,60,60,'Qui consequatur corrupti sed magni. Cumque hic aut quia ipsa.','1976-01-26 14:21:45'),(93,20,11,'Architecto dolor eligendi laborum nostrum dolores atque neque. Quia nesciunt sed inventore accusantium sit magnam.','1977-05-29 22:10:58'),(94,91,97,'Perferendis dolores est qui cumque ratione voluptatem. Aut quia dolorem et alias. A hic dolorem fugiat dolorum. Ut numquam aut itaque dolore rerum. Reprehenderit odio eligendi in temporibus.','1999-06-07 01:08:32'),(95,70,38,'Accusamus nostrum debitis quae eum aperiam ea voluptatem vero. Ex ut quod ab et.','1993-03-03 21:25:13'),(96,47,94,'Et amet reprehenderit temporibus eos. Enim aut aliquid animi quos. Sit a perspiciatis laborum sit qui est.','1998-09-21 12:37:21'),(97,42,91,'Autem aliquid voluptatem cumque et molestiae totam autem. Omnis ex ad hic consequatur. Autem consequatur facilis et vel excepturi laudantium ullam.','2002-02-09 19:31:35'),(98,15,77,'Enim quam ullam sunt iste non. Vel et iste et voluptas sit quibusdam. Id soluta omnis officiis modi est aut dolorem.','2016-04-27 23:59:15'),(99,11,74,'Enim nisi maxime et enim dolorum. Corrupti quam velit quos possimus cum cupiditate enim. Consequatur quae nihil consequuntur aut non et possimus aut.','1984-09-11 17:13:22'),(100,97,39,'Ex doloremque ex rerum est et quaerat molestiae ut. Et perspiciatis facere unde doloremque. In voluptates et non optio tempora impedit et.','1988-12-05 12:52:11');
/*!40000 ALTER TABLE `messages` ENABLE KEYS */;
UNLOCK TABLES;

--
-- Table structure for table `photo_albums`
--

DROP TABLE IF EXISTS `photo_albums`;
/*!40101 SET @saved_cs_client     = @@character_set_client */;
/*!40101 SET character_set_client = utf8 */;
CREATE TABLE `photo_albums` (
  `id` bigint(20) unsigned NOT NULL AUTO_INCREMENT,
  `name` varchar(255) COLLATE utf8mb4_unicode_ci DEFAULT NULL,
  `user_id` bigint(20) unsigned DEFAULT NULL,
  PRIMARY KEY (`id`),
  UNIQUE KEY `id` (`id`),
  KEY `user_id` (`user_id`),
  CONSTRAINT `photo_albums_ibfk_1` FOREIGN KEY (`user_id`) REFERENCES `users` (`id`) ON DELETE SET NULL ON UPDATE CASCADE
) ENGINE=InnoDB AUTO_INCREMENT=101 DEFAULT CHARSET=utf8mb4 COLLATE=utf8mb4_unicode_ci;
/*!40101 SET character_set_client = @saved_cs_client */;

--
-- Dumping data for table `photo_albums`
--

LOCK TABLES `photo_albums` WRITE;
/*!40000 ALTER TABLE `photo_albums` DISABLE KEYS */;
INSERT INTO `photo_albums` VALUES (1,'possimus',1),(2,'soluta',2),(3,'recusandae',3),(4,'velit',4),(5,'ducimus',5),(6,'veniam',6),(7,'voluptates',7),(8,'quisquam',8),(9,'doloremque',9),(10,'id',10),(11,'nostrum',11),(12,'asperiores',12),(13,'eum',13),(14,'sit',14),(15,'voluptates',15),(16,'dignissimos',16),(17,'aliquid',17),(18,'qui',18),(19,'aut',19),(20,'voluptas',20),(21,'provident',21),(22,'officiis',22),(23,'et',23),(24,'ut',24),(25,'ex',25),(26,'provident',26),(27,'consequatur',27),(28,'est',28),(29,'aut',29),(30,'quam',30),(31,'explicabo',31),(32,'quas',32),(33,'possimus',33),(34,'illum',34),(35,'eligendi',35),(36,'aut',36),(37,'iure',37),(38,'blanditiis',38),(39,'harum',39),(40,'quas',40),(41,'aut',41),(42,'ipsum',42),(43,'quasi',43),(44,'similique',44),(45,'perferendis',45),(46,'consectetur',46),(47,'fugiat',47),(48,'quia',48),(49,'velit',49),(50,'sed',50),(51,'consectetur',51),(52,'officia',52),(53,'neque',53),(54,'quas',54),(55,'nobis',55),(56,'et',56),(57,'nihil',57),(58,'architecto',58),(59,'qui',59),(60,'nemo',60),(61,'consequatur',61),(62,'aut',62),(63,'sequi',63),(64,'et',64),(65,'expedita',65),(66,'sed',66),(67,'reprehenderit',67),(68,'nobis',68),(69,'atque',69),(70,'facere',70),(71,'numquam',71),(72,'odio',72),(73,'blanditiis',73),(74,'et',74),(75,'sit',75),(76,'non',76),(77,'molestias',77),(78,'voluptatem',78),(79,'distinctio',79),(80,'facilis',80),(81,'soluta',81),(82,'animi',82),(83,'provident',83),(84,'vitae',84),(85,'cupiditate',85),(86,'et',86),(87,'maxime',87),(88,'sed',88),(89,'aut',89),(90,'non',90),(91,'voluptatem',91),(92,'officiis',92),(93,'dolorem',93),(94,'non',94),(95,'ut',95),(96,'explicabo',96),(97,'consectetur',97),(98,'repellendus',98),(99,'consequatur',99),(100,'at',100);
/*!40000 ALTER TABLE `photo_albums` ENABLE KEYS */;
UNLOCK TABLES;

--
-- Table structure for table `photos`
--

DROP TABLE IF EXISTS `photos`;
/*!40101 SET @saved_cs_client     = @@character_set_client */;
/*!40101 SET character_set_client = utf8 */;
CREATE TABLE `photos` (
  `id` bigint(20) unsigned NOT NULL AUTO_INCREMENT,
  `album_id` bigint(20) unsigned NOT NULL,
  `media_id` bigint(20) unsigned NOT NULL,
  PRIMARY KEY (`id`),
  KEY `album_id` (`album_id`),
  KEY `media_id` (`media_id`),
  CONSTRAINT `photos_ibfk_1` FOREIGN KEY (`album_id`) REFERENCES `photo_albums` (`id`) ON DELETE CASCADE ON UPDATE CASCADE,
  CONSTRAINT `photos_ibfk_2` FOREIGN KEY (`media_id`) REFERENCES `media` (`id`) ON DELETE CASCADE ON UPDATE CASCADE
) ENGINE=InnoDB AUTO_INCREMENT=101 DEFAULT CHARSET=utf8mb4 COLLATE=utf8mb4_unicode_ci;
/*!40101 SET character_set_client = @saved_cs_client */;

--
-- Dumping data for table `photos`
--

LOCK TABLES `photos` WRITE;
/*!40000 ALTER TABLE `photos` DISABLE KEYS */;
INSERT INTO `photos` VALUES (1,1,1),(2,2,2),(3,3,3),(4,4,4),(5,5,5),(6,6,6),(7,7,7),(8,8,8),(9,9,9),(10,10,10),(11,11,11),(12,12,12),(13,13,13),(14,14,14),(15,15,15),(16,16,16),(17,17,17),(18,18,18),(19,19,19),(20,20,20),(21,21,21),(22,22,22),(23,23,23),(24,24,24),(25,25,25),(26,26,26),(27,27,27),(28,28,28),(29,29,29),(30,30,30),(31,31,31),(32,32,32),(33,33,33),(34,34,34),(35,35,35),(36,36,36),(37,37,37),(38,38,38),(39,39,39),(40,40,40),(41,41,41),(42,42,42),(43,43,43),(44,44,44),(45,45,45),(46,46,46),(47,47,47),(48,48,48),(49,49,49),(50,50,50),(51,51,51),(52,52,52),(53,53,53),(54,54,54),(55,55,55),(56,56,56),(57,57,57),(58,58,58),(59,59,59),(60,60,60),(61,61,61),(62,62,62),(63,63,63),(64,64,64),(65,65,65),(66,66,66),(67,67,67),(68,68,68),(69,69,69),(70,70,70),(71,71,71),(72,72,72),(73,73,73),(74,74,74),(75,75,75),(76,76,76),(77,77,77),(78,78,78),(79,79,79),(80,80,80),(81,81,81),(82,82,82),(83,83,83),(84,84,84),(85,85,85),(86,86,86),(87,87,87),(88,88,88),(89,89,89),(90,90,90),(91,91,91),(92,92,92),(93,93,93),(94,94,94),(95,95,95),(96,96,96),(97,97,97),(98,98,98),(99,99,99),(100,100,100);
/*!40000 ALTER TABLE `photos` ENABLE KEYS */;
UNLOCK TABLES;

--
-- Table structure for table `profiles`
--

DROP TABLE IF EXISTS `profiles`;
/*!40101 SET @saved_cs_client     = @@character_set_client */;
/*!40101 SET character_set_client = utf8 */;
CREATE TABLE `profiles` (
  `user_id` bigint(20) unsigned NOT NULL AUTO_INCREMENT,
  `gender` char(1) COLLATE utf8mb4_unicode_ci DEFAULT NULL,
  `birthday` date DEFAULT NULL,
  `photo_id` bigint(20) unsigned DEFAULT NULL,
  `created_at` datetime DEFAULT current_timestamp(),
  `hometown` varchar(100) COLLATE utf8mb4_unicode_ci DEFAULT NULL,
  PRIMARY KEY (`user_id`),
  KEY `fk_photo_id` (`photo_id`),
  CONSTRAINT `fk_photo_id` FOREIGN KEY (`photo_id`) REFERENCES `photos` (`id`) ON DELETE SET NULL ON UPDATE CASCADE,
  CONSTRAINT `fk_user_id` FOREIGN KEY (`user_id`) REFERENCES `users` (`id`) ON DELETE CASCADE ON UPDATE CASCADE
) ENGINE=InnoDB AUTO_INCREMENT=101 DEFAULT CHARSET=utf8mb4 COLLATE=utf8mb4_unicode_ci;
/*!40101 SET character_set_client = @saved_cs_client */;

--
-- Dumping data for table `profiles`
--

LOCK TABLES `profiles` WRITE;
/*!40000 ALTER TABLE `profiles` DISABLE KEYS */;
INSERT INTO `profiles` VALUES (1,NULL,'1970-09-20',1,'2000-02-04 06:34:50',NULL),(2,NULL,'1998-07-07',2,'2003-07-31 13:43:49',NULL),(3,NULL,'2019-12-25',3,'2005-10-10 06:05:53',NULL),(4,NULL,'1987-02-06',4,'1993-07-12 01:55:44',NULL),(5,NULL,'2003-07-01',5,'1976-01-28 20:38:30',NULL),(6,NULL,'1990-02-27',6,'2005-06-25 16:38:18',NULL),(7,NULL,'2015-09-08',7,'1984-02-01 16:48:47',NULL),(8,NULL,'1976-11-16',8,'1972-02-12 04:27:00',NULL),(9,NULL,'1988-01-24',9,'2017-12-26 06:40:31',NULL),(10,NULL,'2008-07-20',10,'1987-06-26 05:17:31',NULL),(11,NULL,'2016-05-29',11,'2001-07-04 07:26:46',NULL),(12,NULL,'2003-10-19',12,'1985-10-22 01:32:55',NULL),(13,NULL,'2000-02-07',13,'2014-02-15 18:48:42',NULL),(14,NULL,'1982-02-06',14,'2022-07-16 11:26:56',NULL),(15,NULL,'2005-05-05',15,'2014-09-18 13:59:05',NULL),(16,NULL,'1999-09-29',16,'2018-02-19 23:21:29',NULL),(17,NULL,'1988-06-13',17,'1994-05-06 05:11:38',NULL),(18,NULL,'2008-05-24',18,'2020-04-06 14:41:30',NULL),(19,NULL,'1970-05-10',19,'1991-06-09 09:05:39',NULL),(20,NULL,'2004-01-27',20,'1996-07-16 09:20:20',NULL),(21,NULL,'1985-09-08',21,'2013-03-11 11:34:49',NULL),(22,NULL,'1972-03-24',22,'2020-04-14 11:33:52',NULL),(23,NULL,'2002-06-16',23,'1972-12-15 10:44:10',NULL),(24,NULL,'1972-11-07',24,'1998-06-11 02:49:36',NULL),(25,NULL,'2002-08-31',25,'2022-03-19 18:55:03',NULL),(26,NULL,'1992-10-07',26,'1971-06-25 18:33:58',NULL),(27,NULL,'1979-05-27',27,'1988-02-22 08:44:49',NULL),(28,NULL,'1973-01-05',28,'1983-04-14 12:35:35',NULL),(29,NULL,'2019-01-16',29,'1978-10-30 13:40:11',NULL),(30,NULL,'1976-11-08',30,'1971-11-29 16:53:55',NULL),(31,NULL,'2006-08-20',31,'1998-02-03 12:49:52',NULL),(32,NULL,'2017-02-05',32,'1976-03-16 02:29:20',NULL),(33,NULL,'2010-01-31',33,'1973-10-15 21:53:21',NULL),(34,NULL,'1997-12-24',34,'2008-05-31 11:41:58',NULL),(35,NULL,'1978-08-22',35,'2022-06-14 18:26:18',NULL),(36,NULL,'1984-07-13',36,'1976-02-02 21:09:43',NULL),(37,NULL,'1986-04-20',37,'2010-09-01 00:52:13',NULL),(38,NULL,'1976-08-02',38,'2008-09-12 00:22:25',NULL),(39,NULL,'1979-11-07',39,'1994-11-05 21:36:45',NULL),(40,NULL,'1993-08-29',40,'1981-08-08 06:34:06',NULL),(41,NULL,'2006-08-09',41,'2017-08-11 18:01:30',NULL),(42,NULL,'2022-03-27',42,'2021-04-18 11:20:47',NULL),(43,NULL,'2019-04-11',43,'2006-01-31 16:54:57',NULL),(44,NULL,'2006-07-03',44,'1977-01-21 07:18:14',NULL),(45,NULL,'2021-03-21',45,'2008-03-27 03:51:06',NULL),(46,NULL,'1980-01-12',46,'1991-01-26 09:17:12',NULL),(47,NULL,'1974-06-07',47,'1992-10-13 03:37:55',NULL),(48,NULL,'2021-03-20',48,'2019-11-16 08:26:25',NULL),(49,NULL,'1976-03-08',49,'1974-09-05 07:55:06',NULL),(50,NULL,'1992-10-07',50,'2013-11-11 20:34:53',NULL),(51,NULL,'1979-07-05',51,'1974-03-06 04:23:49',NULL),(52,NULL,'1991-08-25',52,'2002-09-01 17:23:27',NULL),(53,NULL,'2013-04-24',53,'2001-03-16 03:07:36',NULL),(54,NULL,'2003-02-25',54,'1984-11-12 21:54:47',NULL),(55,NULL,'1974-02-02',55,'2019-06-20 18:53:07',NULL),(56,NULL,'2001-07-28',56,'2015-01-15 01:39:08',NULL),(57,NULL,'1993-03-04',57,'1985-07-05 04:55:30',NULL),(58,NULL,'1997-09-16',58,'2006-04-02 11:48:34',NULL),(59,NULL,'1997-07-02',59,'2019-12-25 15:28:06',NULL),(60,NULL,'1970-06-15',60,'1989-05-21 20:16:58',NULL),(61,NULL,'2015-05-27',61,'2018-09-03 22:42:47',NULL),(62,NULL,'1996-10-17',62,'1997-07-08 01:56:37',NULL),(63,NULL,'1975-12-11',63,'1998-06-04 12:29:07',NULL),(64,NULL,'2002-09-30',64,'1986-03-19 02:13:27',NULL),(65,NULL,'1974-08-17',65,'2015-09-04 03:24:40',NULL),(66,NULL,'2017-02-05',66,'1984-05-01 09:26:22',NULL),(67,NULL,'2013-03-21',67,'1985-10-27 15:36:39',NULL),(68,NULL,'2004-05-05',68,'1995-07-04 11:12:00',NULL),(69,NULL,'1990-12-02',69,'1983-01-22 01:36:02',NULL),(70,NULL,'1990-12-30',70,'1973-06-03 09:31:53',NULL),(71,NULL,'1978-12-18',71,'2020-06-27 06:18:45',NULL),(72,NULL,'2014-12-10',72,'2011-12-14 00:43:36',NULL),(73,NULL,'1992-05-06',73,'1983-11-30 20:33:55',NULL),(74,NULL,'1975-06-23',74,'1976-08-20 16:03:49',NULL),(75,NULL,'1997-10-05',75,'2022-01-14 03:50:36',NULL),(76,NULL,'2020-12-22',76,'1999-05-26 13:40:03',NULL),(77,NULL,'2019-09-05',77,'2009-03-24 21:29:45',NULL),(78,NULL,'1986-07-14',78,'2002-06-27 15:30:53',NULL),(79,NULL,'2011-04-01',79,'1975-08-21 09:17:01',NULL),(80,NULL,'1994-08-09',80,'1970-03-29 22:05:51',NULL),(81,NULL,'1993-01-04',81,'1989-11-05 00:57:34',NULL),(82,NULL,'2008-12-01',82,'1979-02-24 12:42:51',NULL),(83,NULL,'2007-05-27',83,'1996-03-30 01:42:59',NULL),(84,NULL,'2012-07-03',84,'2008-06-23 19:10:25',NULL),(85,NULL,'1988-02-20',85,'1988-07-23 22:34:56',NULL),(86,NULL,'1989-11-23',86,'2022-08-24 09:45:37',NULL),(87,NULL,'1993-03-04',87,'1971-09-07 07:44:27',NULL),(88,NULL,'1984-04-19',88,'1993-03-14 13:13:59',NULL),(89,NULL,'1989-05-23',89,'2000-10-06 23:38:11',NULL),(90,NULL,'2022-01-21',90,'1986-03-16 13:06:02',NULL),(91,NULL,'1998-08-10',91,'2010-02-12 21:30:22',NULL),(92,NULL,'2013-03-31',92,'1974-07-20 00:54:33',NULL),(93,NULL,'1971-03-30',93,'2017-11-22 02:24:38',NULL),(94,NULL,'1972-11-23',94,'2008-05-04 20:20:36',NULL),(95,NULL,'1976-11-06',95,'1999-11-26 04:31:44',NULL),(96,NULL,'1981-12-25',96,'1984-10-08 18:48:59',NULL),(97,NULL,'2001-03-15',97,'2004-01-28 19:21:45',NULL),(98,NULL,'1978-06-27',98,'2004-08-03 09:40:53',NULL),(99,NULL,'1981-06-08',99,'2021-02-18 02:46:34',NULL),(100,NULL,'2013-10-18',100,'2011-06-16 04:14:22',NULL);
/*!40000 ALTER TABLE `profiles` ENABLE KEYS */;
UNLOCK TABLES;

--
-- Table structure for table `users`
--

DROP TABLE IF EXISTS `users`;
/*!40101 SET @saved_cs_client     = @@character_set_client */;
/*!40101 SET character_set_client = utf8 */;
CREATE TABLE `users` (
  `id` bigint(20) unsigned NOT NULL AUTO_INCREMENT,
  `firstname` varchar(100) COLLATE utf8mb4_unicode_ci DEFAULT NULL,
  `lastname` varchar(100) COLLATE utf8mb4_unicode_ci DEFAULT NULL COMMENT 'Фамилия',
  `email` varchar(100) COLLATE utf8mb4_unicode_ci DEFAULT NULL,
  `password_hash` varchar(100) COLLATE utf8mb4_unicode_ci DEFAULT NULL,
  `phone` bigint(20) DEFAULT NULL,
  `is_deleted` bit(1) DEFAULT b'0',
  PRIMARY KEY (`id`),
  UNIQUE KEY `email` (`email`),
  KEY `users_firstname_lastname_idx` (`firstname`,`lastname`)
) ENGINE=InnoDB AUTO_INCREMENT=101 DEFAULT CHARSET=utf8mb4 COLLATE=utf8mb4_unicode_ci;
/*!40101 SET character_set_client = @saved_cs_client */;

--
-- Dumping data for table `users`
--

LOCK TABLES `users` WRITE;
/*!40000 ALTER TABLE `users` DISABLE KEYS */;
INSERT INTO `users` VALUES (1,'Floy','O\'Connell','lyda.mitchell@example.net','87714b6613dd667775bd7f1241ae520de05992f2',93428447886,''),(2,'Randy','Mills','ibartoletti@example.org','d76c1ead01d5bea6fab34557cfce59f6864ad162',92719686321,''),(3,'Mazie','Lemke','jayda.macejkovic@example.net','0ace4aeda36d5bee50ea367cddd8c04d19fc3d17',96516190178,'\0'),(4,'Rose','Barrows','ilene.lehner@example.org','8ea0611abfbe57c1f526185299e46af640c9b59c',97698960475,'\0'),(5,'Kelly','Hayes','wyost@example.org','8514297cd18703bfac765b3ec7fa92fb50380621',97592388529,'\0'),(6,'Lon','Roob','kellen32@example.net','3cff69350110b7cf414a624dde479963f961f3b6',91882823311,''),(7,'Marjory','Oberbrunner','brendon27@example.net','3eb2461652462a3d7b4604a7279b5f3c00552308',99983167289,'\0'),(8,'Brandi','Pfeffer','oupton@example.com','330818b3de6cd0d17b354a5c691fac3b61e16e5a',91130467863,''),(9,'Electa','Okuneva','filiberto.o\'hara@example.com','455e9dde1b584b9ba9e1705959bbafa9efe67fa2',91481266297,'\0'),(10,'Abelardo','Sawayn','terry.elias@example.com','6509156493d8c627496e158d6aa093739cadd664',96822887955,'\0'),(11,'Ova','Dickinson','morissette.granville@example.net','71765dcebda259504472577fdcfc9e3b8d6c56e3',90180675062,''),(12,'Arden','Crona','klein.francisco@example.org','fbe609dfafbbf1aa734a7925b151f7377cd8ebd3',99427742477,'\0'),(13,'Alexandrea','Kshlerin','heidenreich.vivien@example.com','a5ff1e74422240801425a0d7993851c003d4cc1e',96188824938,''),(14,'Nakia','Pollich','kaylin.zemlak@example.com','df88c39866996db34f0c3698e5f8b6eb8ad7d532',94706711119,''),(15,'Dane','Mohr','schulist.jocelyn@example.com','fe3725010da57360962c2fe59881bf6269df6a59',92791113347,'\0'),(16,'Preston','Kirlin','ottilie67@example.org','3c6d513e8551b7316e41f20692879c59da35952b',95011567769,''),(17,'Maximilian','Fadel','adolph.ziemann@example.org','51489fc450ada5a74f9c7db2c38acd0fc341480a',92159566875,''),(18,'Marjorie','Klocko','colby.borer@example.com','a516169e4292545557a492ba2c7152b191a70c54',95783082607,'\0'),(19,'Damien','Rosenbaum','batz.eveline@example.com','0988d98619497948c0700ce503976e46e6f12ade',99312920369,''),(20,'Eden','Stoltenberg','rosetta.kunze@example.com','f3770ee538a6ce1a8dcbaec0adeda7cbd63fd8dc',94790093505,''),(21,'Sadye','Zulauf','omcglynn@example.com','745f92ca85b610c7bc772060ebe11458ab0a9d37',93131906168,'\0'),(22,'Leo','Crist','vita07@example.net','096952e1a6663ce42bdcffc111706c4583f58292',90521141077,'\0'),(23,'Nasir','Leuschke','murazik.chasity@example.com','2120ab41ca173f84447f2fec7e27258d9a4f89b0',93153932459,''),(24,'Derick','Bashirian','istrosin@example.org','9a32a54a6284111a50166c8bdcec2a6995356454',94234008861,''),(25,'Polly','Dickinson','dina03@example.org','73296769d6841033ac5a3da9f64c07fb777aa5ff',95965614302,'\0'),(26,'Garth','Nicolas','chelsey.reichel@example.org','42f816e8a18adcf2d7d58a19429eb54a86d763a3',93930366269,''),(27,'Vergie','O\'Kon','mante.vivien@example.com','67d4c2be11c2253e85d477eb2f52ed2aec6c7cb7',96708023080,'\0'),(28,'Robbie','Ernser','willard75@example.com','6398d0e677a214ead734ddc6d65780ee2b57ea02',94023771143,'\0'),(29,'Elouise','Connelly','birdie01@example.org','f2a9c4ed4222078288ced570ddf0b1927a473fff',96120924225,'\0'),(30,'Mariane','Kohler','werner.runolfsson@example.net','143f173978d480de68ba6bdf6889d43eadc112e2',93003463825,''),(31,'Carlotta','Boyle','lizzie60@example.org','978ab08dc570c50c7f24254f336e9c06eb04a6ea',99283608905,''),(32,'Royal','Hegmann','leffertz@example.net','406cf74a3844590116d60d89110684c49c5987ff',91384661040,'\0'),(33,'Darryl','Prohaska','fisher.daphney@example.org','2c8b0e9faa5711a1dc3088728c5fd08fd5221729',98767721568,''),(34,'Zola','Upton','bessie.boyle@example.net','8ca8076a7015a9ab2bfa15fb38f748b969927c9c',94397780771,'\0'),(35,'Porter','Reinger','aullrich@example.org','de46f712bf02c731e110476f9d534492ec1936f6',90706504379,''),(36,'Misael','Mertz','jamarcus.schamberger@example.com','1410665384f6885c8fc7540c0f0ae23a7d5d0dfc',93917461668,'\0'),(37,'Sherman','Harber','bechtelar.edyth@example.com','7648d45c0ee8e535fb8d930af3f81783dfd3fa68',94283426033,'\0'),(38,'Mallory','Wilkinson','dominic.halvorson@example.com','c75405b8765432b4844c727afada5a5bfbceeefd',91057487484,''),(39,'Patricia','Cole','demetris.hahn@example.org','be7b2f10a1ceccdc9a4edd75c392f2828e856be2',91784319743,'\0'),(40,'Elza','Gutmann','angela.bayer@example.net','58148915c34808847a426829952317cae61a18b4',93838852813,''),(41,'Johnson','Mertz','beer.eleanora@example.net','b2bdc2904262578beab37cefac1fc8d767de37da',90900101937,''),(42,'Maxine','Kshlerin','wilhelmine.wisozk@example.org','6f464f6f2c90e4c8773a35bdf7596e78415b0083',95216339195,'\0'),(43,'Minnie','Kerluke','halvorson.shyann@example.org','c19c0bf8063c799a02e1137d10bae50171c4eb87',93786617980,'\0'),(44,'Dino','Swaniawski','kaylah40@example.org','5b41a1616412ea341addfc78a92f2b1079895a62',99502911878,'\0'),(45,'Conor','Hansen','bettie.prohaska@example.net','86316d8cec906e41e32a06072fa0d038c077285c',91713309712,''),(46,'Ramona','Larkin','howe.erna@example.org','78fd340366754316a21ed05fc351c7d70bbabb0d',97640098331,''),(47,'Erik','Schimmel','bahringer.arvilla@example.org','819e8fab73d2ddecc93c47d396b4b4ba37fdb8e5',97221796068,''),(48,'Shemar','Zboncak','manley.macejkovic@example.net','4354d42046b42f551aecdefcd80d51f68fe86dca',98246103244,'\0'),(49,'Eugenia','Langosh','fanny.pagac@example.net','60cc66a9efc7025def2b6db632f1c19beb3024a1',93801104526,''),(50,'Gerry','Wolff','ellis.sawayn@example.org','64d0abae9b32c96001945cd8850f409452a89117',99552028863,'\0'),(51,'Summer','Bartoletti','krau@example.com','b9b91843fe3909ce0e75ca48a840f7aa83475152',97787112131,''),(52,'Raegan','Windler','white.neha@example.net','c801d47efa3c1a90a92cd46cda910fbd1e0cc9d1',98638130448,''),(53,'Alana','Kreiger','napoleon00@example.net','bbde02c908ae32e882554f713d5fae9909f777a8',91630637264,''),(54,'Lucienne','Becker','jconn@example.org','7f2885ce67e79617560f83a2f048609be6c7d635',96405685393,'\0'),(55,'Armand','Douglas','augustus.bartell@example.net','017225ed4dfdb537bd341323dbcae980c4459917',99369315662,'\0'),(56,'Tressa','Dickinson','irau@example.org','b72d1f9e2874c62c34cf07e9cebaaf6217bf0229',96171408843,'\0'),(57,'Rachel','O\'Keefe','dwindler@example.com','158b634fbba03d14647c8d08098f93375130687b',90080316309,'\0'),(58,'Brenden','Kunze','maxwell.ullrich@example.org','e427ac1c7f69e7adaf596e656134d144dc4e5c68',91124440870,'\0'),(59,'Blake','Pfannerstill','telly.kris@example.org','b9eb44bb7ff1b62a71086b31d7a141aec7c30374',99815178638,''),(60,'Yvette','Bergnaum','nicolette77@example.com','d0fa6cc110ee2928aab8bad2fc2286904ff2e3ee',96642514358,'\0'),(61,'Flo','Predovic','georgianna.leuschke@example.com','c665181ee315c831819302e0abd117ace023fd2b',96117564829,'\0'),(62,'Scot','Hermiston','owalsh@example.com','25a573d12a12d8c1050c08f9c8c357215f2d0eff',98310317172,''),(63,'Leopoldo','Mayer','kiarra40@example.org','c288bd7ab64aab7356dc02674d768474275cbe0f',95656406132,'\0'),(64,'Kody','Metz','hickle.maryse@example.com','aedd3fce061fa75df3b5317b9288783e4a44e6b6',95801998509,''),(65,'Luther','Weissnat','lboyer@example.org','201be6e3b1e0a885ccc9a0fb17d5db60efb85c56',96789240742,''),(66,'Jason','Olson','jones.natalie@example.com','083076fe673da90798ef94298db6057414e7730e',95591450145,''),(67,'Casey','Kutch','ledner.tad@example.com','16d8ee82dec3c5c2baf6e2bceedfc8039d28cfd2',90964443907,''),(68,'Jacinthe','Reilly','odaugherty@example.net','d5c2e1de8e9330c94a9cf79eaa36575b97cc1d4f',94926161339,''),(69,'Arden','Littel','lance.kassulke@example.org','cb74c9b8762fe45a797c444d6ace3d35714b2789',93485958726,''),(70,'Peter','Graham','loy.becker@example.org','6789b86bf656a240a248c7447fda9eb2bc772e37',96272549045,''),(71,'Barton','Rutherford','henriette05@example.org','22da627046c32ed5b7a93172ac9fd442caec6f2c',98433227090,''),(72,'Tyrell','Mohr','qhartmann@example.com','d6bdbaccfafe5e80ae42b18212d272d1159df2f2',94466571982,'\0'),(73,'Ruben','Beer','heidi56@example.com','59d2890aff290e38fc97175c62fbc3b59c1538ed',91358377631,''),(74,'Imelda','Pollich','isaiah.schinner@example.net','c018d784961ebd1cf146adda20d9cd78848324dc',92181028701,''),(75,'Saul','Lowe','marcella.dietrich@example.net','79019e40e01aaf8ad2e4a62377b68e49d00d34c7',96402010296,''),(76,'Porter','Spinka','jennyfer65@example.com','e98d19962fb33435b3b2d8d4362c98a0c30e9554',97929740328,'\0'),(77,'Ricardo','Skiles','jay.rowe@example.org','df20af1a7924057743ffd552bec8a61967a8fc07',94421053903,'\0'),(78,'Leanna','Funk','johnson.zaria@example.net','2df9f28be68dbd2dce67ba0af9c50934f98036eb',90795285465,'\0'),(79,'Mittie','Davis','candelario.anderson@example.net','23e249b2d8d1a606504ef24182faf640538e4996',93128676509,'\0'),(80,'Demarcus','Waters','parker.trisha@example.net','2381fe3c5e397b5ac47bcdbe91c47cb873419b5c',92228661497,''),(81,'Edwardo','Bauch','hodkiewicz.euna@example.org','0957953304b95d31a7ec03ab8b3a53f67a08f024',95154091154,'\0'),(82,'Lauriane','Price','samantha.emmerich@example.org','86ccb738bf074940bb48b5417faeaf11d39b3bae',99414643351,'\0'),(83,'Mohamed','Marquardt','xavier.kemmer@example.org','6d0785e2ad934e15cd9d88abbaf4f9bbd64f5361',93228825439,''),(84,'Sylvia','Harber','nstiedemann@example.com','f5f53f1ab9b36af3f46a67c436ecd80c60639d9d',92745762878,''),(85,'Audreanne','Gaylord','gerald87@example.org','ce93be173bdccc3a0e10b9d02465e83974fd9478',96481203872,''),(86,'Merlin','Zulauf','patrick.hilll@example.com','44743b072c54e7152cc4824d4b9301c5cfd9283a',90349758659,'\0'),(87,'Andreanne','Prosacco','flo97@example.org','8f0100ec689eb99a6c18eb51fc13ba37be1eefac',97099269454,'\0'),(88,'Isabelle','Cremin','sarai02@example.org','a254e6346e452715fd29945020b43d1d9a3afea5',92303414858,'\0'),(89,'Henriette','Mante','graham.twila@example.net','087e92b00f34a930b3fcc1a5b8930633b6cf6bec',97433304622,'\0'),(90,'Keenan','Bruen','d\'amore.bernadette@example.com','cb5edc0f3a4e7b5c19b8aebeb02c52c0701eaedd',98326804818,''),(91,'Arch','Rice','wiley89@example.org','fecd86e255806ed865fe78528e182d21aa280543',96119118778,'\0'),(92,'Lewis','Feil','hoppe.rolando@example.org','acb00941b983285df208c875ded14aff45bfb53c',99638223815,'\0'),(93,'Aileen','Kulas','patsy83@example.com','214d0bc51e54d33df188255d75cbc6c12c01867c',98996137528,'\0'),(94,'Derick','Feil','danielle12@example.com','18e00d802b081d53c1cce9c551b3c4c9a43bf72e',96827973433,''),(95,'Carli','Bednar','mbuckridge@example.net','48d735b1362b3617cfe6d07c60ad8f27b62a2aa0',93653365133,''),(96,'Clementina','King','josianne.johns@example.org','229ba47190f34c5ae5843e90691e5185b655486d',92749813731,''),(97,'Sonya','Kunze','padberg.edwardo@example.com','c1aa51f7b7dca7b8cd1fe8e35ec2f5ac4f723aca',93865426966,'\0'),(98,'Elmo','Bergnaum','nmitchell@example.com','ae9e8ade9885b0bf8beddcb5dff45d3dcc871820',97180822932,'\0'),(99,'Deondre','Walker','dexter.larkin@example.org','e601bc71b988a521f2066526d98bb68704f0f0df',97036267135,'\0'),(100,'Garnett','Reynolds','emanuel04@example.org','6335adda4ed06016af8b7c082948f3dabc3480c2',97668228222,'');
/*!40000 ALTER TABLE `users` ENABLE KEYS */;
UNLOCK TABLES;

--
-- Table structure for table `users_communities`
--

DROP TABLE IF EXISTS `users_communities`;
/*!40101 SET @saved_cs_client     = @@character_set_client */;
/*!40101 SET character_set_client = utf8 */;
CREATE TABLE `users_communities` (
  `user_id` bigint(20) unsigned NOT NULL,
  `community_id` bigint(20) unsigned NOT NULL,
  PRIMARY KEY (`user_id`,`community_id`),
  KEY `community_id` (`community_id`),
  CONSTRAINT `users_communities_ibfk_1` FOREIGN KEY (`user_id`) REFERENCES `users` (`id`) ON DELETE CASCADE ON UPDATE CASCADE,
  CONSTRAINT `users_communities_ibfk_2` FOREIGN KEY (`community_id`) REFERENCES `communities` (`id`) ON DELETE CASCADE ON UPDATE CASCADE
) ENGINE=InnoDB DEFAULT CHARSET=utf8mb4 COLLATE=utf8mb4_unicode_ci;
/*!40101 SET character_set_client = @saved_cs_client */;

--
-- Dumping data for table `users_communities`
--

LOCK TABLES `users_communities` WRITE;
/*!40000 ALTER TABLE `users_communities` DISABLE KEYS */;
INSERT INTO `users_communities` VALUES (1,9),(1,84),(2,1),(2,40),(3,15),(5,92),(6,39),(8,11),(8,70),(8,79),(10,23),(12,28),(12,34),(13,66),(14,48),(14,78),(14,79),(15,49),(15,92),(16,58),(16,69),(17,14),(18,23),(18,82),(18,96),(20,96),(21,12),(22,31),(22,33),(22,47),(24,28),(24,48),(26,11),(26,88),(27,71),(28,95),(29,28),(33,21),(33,36),(35,96),(37,71),(41,57),(44,26),(44,66),(44,91),(45,23),(45,85),(46,27),(46,33),(48,48),(49,84),(50,67),(51,1),(51,45),(52,30),(53,77),(54,36),(55,24),(57,3),(57,28),(57,56),(57,66),(58,42),(59,35),(59,61),(59,63),(61,83),(64,32),(64,37),(64,44),(64,92),(68,8),(70,24),(71,10),(71,19),(76,22),(76,78),(79,59),(81,28),(81,81),(83,30),(84,17),(84,90),(84,94),(85,16),(85,52),(86,43),(86,61),(88,17),(89,18),(89,70),(94,25),(96,32),(97,35),(97,62),(98,32),(99,43),(100,15),(100,23),(100,55);
/*!40000 ALTER TABLE `users_communities` ENABLE KEYS */;
UNLOCK TABLES;
/*!40103 SET TIME_ZONE=@OLD_TIME_ZONE */;

/*!40101 SET SQL_MODE=@OLD_SQL_MODE */;
/*!40014 SET FOREIGN_KEY_CHECKS=@OLD_FOREIGN_KEY_CHECKS */;
/*!40014 SET UNIQUE_CHECKS=@OLD_UNIQUE_CHECKS */;
/*!40101 SET CHARACTER_SET_CLIENT=@OLD_CHARACTER_SET_CLIENT */;
/*!40101 SET CHARACTER_SET_RESULTS=@OLD_CHARACTER_SET_RESULTS */;
/*!40101 SET COLLATION_CONNECTION=@OLD_COLLATION_CONNECTION */;
/*!40111 SET SQL_NOTES=@OLD_SQL_NOTES */;

-- Dump completed on 2022-09-22  6:31:27

-- ЗАДАНИЕ 2
-- Написать скрипт, возвращающий список имен (только firstname) пользователей без повторений в алфавитном порядке.
select  distinct  firstname
from users
;

-- ЗАДАНИЕ 3
-- Первые пять пользователей пометить как удаленные.
UPDATE users
SET is_deleted = 1
WHERE id >= 1 and id <=5;
;


-- ЗАДАНИЕ 4
-- Написать скрипт, удаляющий сообщения «из будущего» (дата больше сегодняшней).

delete from messages 
where created_at > now(); 

-- ЗАДАНИЕ 5
-- БД ВИЧ+ пациентов 