-- MariaDB dump 10.19  Distrib 10.5.12-MariaDB, for Linux (x86_64)
--
-- Host: mysql.hostinger.ro    Database: u574849695_18
-- ------------------------------------------------------
-- Server version	10.5.12-MariaDB-cll-lve

/*!40101 SET @OLD_CHARACTER_SET_CLIENT=@@CHARACTER_SET_CLIENT */;
/*!40101 SET @OLD_CHARACTER_SET_RESULTS=@@CHARACTER_SET_RESULTS */;
/*!40101 SET @OLD_COLLATION_CONNECTION=@@COLLATION_CONNECTION */;
/*!40101 SET NAMES utf8mb4 */;
/*!40103 SET @OLD_TIME_ZONE=@@TIME_ZONE */;
/*!40103 SET TIME_ZONE='+00:00' */;
/*!40014 SET @OLD_UNIQUE_CHECKS=@@UNIQUE_CHECKS, UNIQUE_CHECKS=0 */;
/*!40014 SET @OLD_FOREIGN_KEY_CHECKS=@@FOREIGN_KEY_CHECKS, FOREIGN_KEY_CHECKS=0 */;
/*!40101 SET @OLD_SQL_MODE=@@SQL_MODE, SQL_MODE='NO_AUTO_VALUE_ON_ZERO' */;
/*!40111 SET @OLD_SQL_NOTES=@@SQL_NOTES, SQL_NOTES=0 */;

--
-- Table structure for table `complaints`
--

DROP TABLE IF EXISTS `complaints`;
/*!40101 SET @saved_cs_client     = @@character_set_client */;
/*!40101 SET character_set_client = utf8 */;
CREATE TABLE `complaints` (
  `id` bigint(20) unsigned NOT NULL AUTO_INCREMENT,
  `name` varchar(255) COLLATE utf8mb4_unicode_ci DEFAULT NULL,
  `complaints_description` varchar(255) COLLATE utf8mb4_unicode_ci DEFAULT NULL,
  PRIMARY KEY (`id`)
) ENGINE=InnoDB AUTO_INCREMENT=101 DEFAULT CHARSET=utf8mb4 COLLATE=utf8mb4_unicode_ci;
/*!40101 SET character_set_client = @saved_cs_client */;

--
-- Dumping data for table `complaints`
--

LOCK TABLES `complaints` WRITE;
/*!40000 ALTER TABLE `complaints` DISABLE KEYS */;
INSERT INTO `complaints` VALUES (1,'est','Est velit nihil exercitationem tempore esse. Voluptate molestiae omnis eius nisi nihil dolorum velit sit. Et aut aliquam quo nihil expedita. Ipsa aliquam suscipit ex ex animi eligendi.'),(2,'non','Ratione quas aut dicta doloremque eveniet aut. Reprehenderit et blanditiis consequatur. Eligendi quia accusantium quibusdam eaque.'),(3,'commodi','Consequatur amet soluta dolores ipsa aut possimus ut. Optio voluptas qui perspiciatis nostrum veniam dolore et aut. Consequatur atque et aspernatur et ut dolores aspernatur quo.'),(4,'alias','Iste commodi consequatur et voluptatem. Suscipit velit laudantium incidunt dolorem facere sit unde libero. Cupiditate rerum et sequi adipisci facilis esse aut.'),(5,'aut','Accusamus nulla eum cumque quae et voluptates ab. Cumque dolores mollitia consequatur soluta ullam eos. Et doloribus quos incidunt rerum. Consequuntur eaque quas tempore inventore blanditiis.'),(6,'rerum','Et aut numquam sunt eos nihil omnis. Quis non repellat tempora voluptate omnis sit. Reiciendis nesciunt nihil reprehenderit explicabo sit similique. Libero modi voluptatibus dignissimos quo sed.'),(7,'in','Ipsum suscipit explicabo possimus omnis voluptatem aut quo facilis. Sint ut eligendi amet ipsa id nemo. Voluptatibus eos ad numquam placeat magnam at vero. Maiores ullam eum labore labore quis accusantium.'),(8,'et','Et architecto qui id aliquid quia sed ullam. Qui aut libero in reprehenderit iure maiores alias. Assumenda numquam sapiente eum quae perspiciatis et. Aut eos totam quibusdam pariatur possimus magni placeat qui.'),(9,'dolores','Eius in laborum earum iure laboriosam nulla. Neque sequi nihil quis blanditiis voluptas officiis. Eius iste earum in a aliquid. Tenetur saepe vitae consequatur accusantium in dolorum.'),(10,'unde','Illum asperiores qui alias ut doloribus. Ullam dolor aut non laborum. Aut corporis nobis aperiam blanditiis delectus et animi eum.'),(11,'et','Pariatur odio aut dolor est ut magni id odit. Magni dicta maxime quia qui laborum. Ipsum est facere cum consequatur doloribus porro. Qui velit sint dolor sed impedit. Voluptate qui repudiandae impedit consequatur mollitia.'),(12,'beatae','Totam sapiente aut dolor ut excepturi voluptatem. Corporis doloribus rerum ipsa rerum non. Corporis ullam commodi repudiandae omnis reprehenderit error eaque. Et et id error non est. Excepturi quo ipsam vitae quam molestias.'),(13,'omnis','Repellendus vero vel omnis eius magni omnis omnis error. Libero sint quibusdam suscipit et cupiditate atque dolores. Eaque dolorem maiores id consequatur maiores harum. Aut earum vitae dolorem ipsa debitis doloribus qui.'),(14,'autem','Sunt maxime nulla aspernatur quod hic et. Neque aut inventore ut voluptatibus sed excepturi nihil. Ut vitae aut perferendis dolorum blanditiis similique repudiandae non.'),(15,'optio','Unde dolor perferendis molestiae ut exercitationem. Numquam voluptatem iusto ex earum. Sapiente ducimus at et quisquam nihil quia. Voluptatibus rerum nihil quidem ullam beatae.'),(16,'consequatur','Aliquid possimus saepe aut qui rem eveniet. Ipsam reprehenderit ipsa eligendi architecto error totam. Maiores facere eaque numquam repellendus nulla. Et voluptatem ea blanditiis aperiam nihil.'),(17,'enim','Numquam iste et voluptatibus totam temporibus odit consequuntur. In perferendis velit dolorum facere consequuntur voluptatem voluptatem voluptates. Voluptas autem et ut sint maiores dicta ea. Explicabo voluptas quia sequi unde quo.'),(18,'labore','Distinctio saepe amet rerum neque ab officiis. Et quam recusandae sapiente omnis sunt et. Qui nam voluptas et dolorum ipsa.'),(19,'deleniti','Unde voluptates doloribus repellat accusamus. Error temporibus ipsum officia quasi corporis sed non. Quae quidem et nihil velit aut sit qui. Omnis qui in laudantium maiores rerum ea a repellat.'),(20,'voluptatem','Modi molestiae provident et veritatis expedita officia sit quo. Est sequi voluptate sint commodi sed pariatur.'),(21,'nihil','Nisi ut et ad consequatur. Ipsum soluta tempore culpa voluptate ut aut nesciunt.'),(22,'nulla','Debitis rem voluptate voluptate similique aut velit laborum. Non ullam rem tenetur libero eum labore. Et velit magni voluptatem et hic nemo. Accusamus distinctio maxime provident consequatur.'),(23,'vel','Deserunt voluptate dignissimos reiciendis non. Et ipsum quia praesentium atque. Consequatur earum omnis repudiandae nisi at praesentium. Ex animi cum id velit libero amet officia.'),(24,'dolores','Sint expedita voluptas beatae pariatur sed consequatur incidunt. Fugiat impedit neque consectetur dolorem. Aspernatur ullam labore sit. Nesciunt similique neque est et.'),(25,'nobis','Eius fugit fuga mollitia qui qui. Voluptas possimus consectetur facilis veritatis voluptatibus rerum. Libero soluta dolores deleniti est voluptates voluptatum.'),(26,'est','Consectetur dicta omnis est dolorem est voluptatum. Magnam voluptatem est aut aut est delectus. Sunt tempora architecto et quae porro quidem qui.'),(27,'maiores','Sit necessitatibus harum molestiae. Qui ut sit dolorem quia.'),(28,'sit','Quo quam enim adipisci eos fugit. Ipsam vero non qui voluptatum debitis tenetur natus. Nihil beatae nulla accusamus suscipit. Et dicta itaque est deserunt.'),(29,'quo','Et vero at aut consectetur illo. Distinctio voluptatum error id repellat rem velit dolores est.'),(30,'enim','Ut non consequatur ut ducimus ea. Dolor qui dolorem quia quos beatae dolorem nam tempore. Vero qui modi incidunt architecto voluptatem corrupti. Rem qui hic omnis enim ratione et corporis.'),(31,'ut','Nihil ad harum aut ut nesciunt voluptatem. Aut ab rem molestiae cum ullam voluptate excepturi hic. Dolorem minima sed rem aut. Eos reiciendis quis quisquam nisi animi consequatur.'),(32,'est','Doloribus quis debitis sit tempora fugit ab. Laudantium soluta sit id provident architecto. Odit minus dolores et sed.'),(33,'fugit','Pariatur quam dolor aut sed. Est fugit culpa doloribus commodi eos maiores ipsum. Eos facilis facilis omnis sit. Voluptatem est quas est in ex dolores vel.'),(34,'quidem','Qui voluptatem eum repellat totam soluta qui esse eius. Optio nihil vel aut impedit dolores. Autem blanditiis eligendi minus non et consectetur voluptatum. Architecto at quia quo saepe veritatis.'),(35,'ipsum','Eveniet ut velit dolore beatae corrupti asperiores beatae. Earum a quasi debitis. Pariatur et autem neque et rerum occaecati dolorum. Voluptatum voluptas vero quas ut et.'),(36,'dolore','Sunt quibusdam delectus omnis qui rem non. Ea consequuntur tempore qui. Sed in iure eos ea aut voluptatem et doloremque. Magni sunt rerum explicabo doloremque.'),(37,'dolorem','Excepturi quam illum explicabo qui assumenda. Deserunt quis deserunt quia totam autem. Atque at nulla doloribus necessitatibus.'),(38,'occaecati','Ex ex ducimus dolores provident. Ea maiores earum illo quidem labore quo reiciendis deleniti.'),(39,'a','Recusandae omnis laudantium ut labore ab sit. Quia iure esse ea fuga. Nihil ratione ratione ea. Reprehenderit vel similique dolore assumenda magni accusantium.'),(40,'nisi','Voluptatem reprehenderit quia asperiores sit. Nihil consectetur rerum ut minus quae et sint nulla. Repudiandae inventore aspernatur et quibusdam nostrum deserunt. Dolore eum doloribus in modi beatae dolorem qui.'),(41,'soluta','Dolores libero iste suscipit aut. Velit incidunt quod ut et et dolor neque. Tempora occaecati necessitatibus culpa non voluptatibus nisi sed. Mollitia ea eos et sit eaque. Architecto ducimus voluptatem aliquid deserunt sit est nostrum aut.'),(42,'pariatur','Laudantium natus earum veniam est est aperiam necessitatibus illo. Saepe voluptates ex quia autem quaerat. Sint quo nemo similique fuga deserunt.'),(43,'adipisci','Expedita omnis quis similique et. Quam qui minus id accusantium accusantium. Accusamus sed mollitia totam quia molestias est est voluptatibus. Eaque reprehenderit est iure quia vel ipsa voluptate. Et eligendi sit autem quia nihil a.'),(44,'eveniet','Ducimus dolorem voluptas officia ab sit atque aut. Nesciunt omnis assumenda deleniti assumenda quia quia rerum.'),(45,'natus','Veritatis voluptas placeat ea error amet. Distinctio necessitatibus dolores ut iusto quibusdam quia id. Id cumque dicta quos inventore. Repellendus quia minima necessitatibus et corporis.'),(46,'quia','Voluptates sint possimus placeat et neque ratione ut. Rerum sit dolor voluptatem dolor placeat. Non aut voluptas nostrum odio. Fugiat blanditiis qui est.'),(47,'est','Et possimus aspernatur maxime. Qui soluta sit laudantium consequatur nesciunt ea omnis. Distinctio fugit voluptate doloremque praesentium nostrum corporis vitae.'),(48,'animi','Exercitationem rerum enim at quis distinctio nobis et. Quidem architecto qui et. Aliquid totam et reprehenderit ea quia culpa consequatur quia.'),(49,'et','Sunt omnis quia et qui impedit omnis assumenda. Omnis error enim quas mollitia dignissimos est. Cumque aut ipsa aut nihil.'),(50,'qui','Vel corrupti illum et architecto molestias eaque. Nesciunt provident aut assumenda autem consectetur assumenda sunt. Nemo rerum non in ullam molestiae. Sequi dicta sed vel possimus consequatur qui.'),(51,'et','Quo voluptatem nobis voluptas quia autem dolore ipsa suscipit. Itaque quia autem repellendus quia beatae facilis. Autem ut ut eum.'),(52,'veniam','Vel consectetur tenetur dolore voluptatem omnis accusantium. Saepe doloremque aperiam quis incidunt. Quia suscipit magni aperiam porro et nesciunt autem velit.'),(53,'sit','Corporis id enim praesentium minima dolor. Eveniet quasi pariatur magnam fugit illum et. Laboriosam ipsam non sint voluptatem.'),(54,'consequuntur','Deleniti qui quia praesentium qui eos voluptatem ducimus voluptas. Quae quo in provident alias voluptate non. Velit tempore sed voluptatem maiores iste aut accusamus. Blanditiis voluptate reprehenderit in nesciunt quo est laudantium iure.'),(55,'occaecati','Necessitatibus et ut commodi magnam ut qui. Ipsa a sint amet nobis doloremque ipsam adipisci. Cum et perspiciatis sed dolorem sed.'),(56,'cumque','Recusandae sint fugiat quia voluptas doloremque. Numquam molestiae ut nisi et. Ducimus ut illum maxime aut laborum molestias.'),(57,'amet','Temporibus dolorem eos eveniet. Nesciunt maxime accusamus qui repellendus molestiae ut. Perferendis mollitia voluptatum autem inventore ad. Et eaque ullam odit quis delectus sed laboriosam.'),(58,'ut','Aliquid in eligendi laborum sint voluptates atque. Et nostrum et ut odit et necessitatibus consectetur.'),(59,'et','Rerum et ipsa inventore suscipit numquam. Non aut molestiae id exercitationem. Deserunt hic minus aut molestiae animi et enim.'),(60,'eum','Laudantium ipsam ut ut est natus aut quisquam optio. Sit odio maiores sapiente ipsam nesciunt eos aut. Recusandae velit et cupiditate esse nisi atque quod.'),(61,'amet','Voluptas alias perferendis rerum dolorem sed dolorum recusandae est. Quod fugit sint vitae impedit eligendi ducimus. Ex aliquid atque quidem voluptatum distinctio vitae inventore. Accusantium commodi quam aut officiis ducimus.'),(62,'saepe','Sint ipsa ut dicta enim magnam alias alias quibusdam. Dolor quo et et. Dolorem asperiores et qui molestiae voluptatum vel.'),(63,'sapiente','Aut incidunt dignissimos accusamus voluptatem. Explicabo nostrum modi nesciunt quaerat amet cupiditate cumque. Tempora qui doloribus quia autem voluptate ut quas. Veritatis minus commodi dignissimos molestias.'),(64,'est','Eum quia quas ut perferendis dolorem ea. Modi sint neque perferendis neque eius minima id. Reiciendis qui voluptatem vel similique veniam est recusandae.'),(65,'illum','Voluptas omnis in voluptate qui cum aut. Ex architecto explicabo numquam debitis. Qui unde facere voluptatem distinctio repellendus maxime. Quod tempore in sed nihil ea.'),(66,'dolores','Delectus vero occaecati accusamus perferendis aperiam et rerum error. In esse quasi ipsam ut consequuntur. Incidunt amet et nam optio.'),(67,'doloremque','Occaecati debitis odio rerum harum ut. Est assumenda dicta odit nulla. Consectetur voluptatibus ut dolor voluptate dolorem quasi atque.'),(68,'et','Excepturi non quo at doloribus numquam qui voluptatem. Voluptas voluptatibus veritatis atque tenetur ut. Libero alias corrupti et id.'),(69,'totam','Beatae ea natus fugiat nobis. Veritatis quaerat fugit non non. Assumenda nam ut dolorum.'),(70,'sed','Vel quam ad tenetur ducimus et sit repellendus et. Ducimus sed nesciunt laudantium omnis voluptatem at excepturi non. Perferendis quo ut rerum voluptas possimus consequatur. Consequatur corporis consequatur ad asperiores.'),(71,'dolores','Sit ratione fugit fugiat ex. Facilis sit quod sunt ut iure ipsum ratione. A mollitia nesciunt perspiciatis ratione.'),(72,'consequatur','Quos vel accusantium sequi temporibus ut adipisci ut. Sequi soluta aut accusamus error. Architecto illum et delectus dolorem blanditiis.'),(73,'perspiciatis','Alias et aperiam occaecati non. Fugit repellat atque distinctio ipsa non. Voluptates atque dolorum blanditiis delectus consequatur tempore qui. Dolores reiciendis repellat adipisci quia iusto.'),(74,'aperiam','Voluptas officia fugit fugiat cum optio. Possimus ullam aut labore suscipit modi. Dolor error officiis omnis omnis et ut.'),(75,'harum','Perferendis quis adipisci ducimus eos reprehenderit nostrum. Beatae et qui maxime omnis ullam omnis sed quibusdam. Ea iste illo optio deleniti. Voluptas corrupti nesciunt cupiditate minima.'),(76,'praesentium','Molestiae qui autem cumque aspernatur. Omnis aperiam voluptas sit qui ea voluptate totam veritatis. Beatae porro veritatis debitis repudiandae qui officiis. Quae id praesentium non esse voluptatem.'),(77,'laboriosam','Sed ut quo consectetur possimus amet sint expedita quia. Porro non itaque in aut nesciunt veritatis ducimus. Atque molestiae eos quod itaque voluptatem.'),(78,'totam','Placeat velit accusamus ut aut quod sunt alias. Sit rerum sapiente quisquam quis cumque in in. Ut velit cum placeat ut distinctio molestiae maxime.'),(79,'reprehenderit','Ab in dolorem quidem deleniti sunt unde voluptas. Enim doloribus aliquid eaque aperiam enim maiores. Sit omnis quia placeat consequatur enim iste harum. Minus iusto in consequatur facere incidunt iusto eos. Voluptatum autem sed et natus iure eum.'),(80,'consequuntur','Minima deleniti fugiat et sed. Voluptate aperiam eligendi et et fugit. Deleniti ut minus minima dolorem cumque libero.'),(81,'quisquam','Labore rerum veniam consequatur consectetur ut dolore quia. Voluptatum odio soluta sequi architecto. Dolores et dolores in quod vitae reprehenderit cum aut. Ipsam perferendis pariatur culpa voluptatibus.'),(82,'voluptas','Voluptatem voluptatum quidem nemo explicabo hic. Placeat doloribus doloribus nulla non dolorem et. Voluptatibus veritatis sed possimus amet sed ut.'),(83,'ipsum','Qui tempora eos quidem porro consequatur. Corrupti eius ad quo ipsum id a. In aut delectus voluptatem aut. Reprehenderit exercitationem occaecati saepe.'),(84,'numquam','Quo quae temporibus quas nostrum. Officia sed odio laudantium laborum. Officia sint sed odit alias et non vel aliquam.'),(85,'est','Explicabo eum autem veniam blanditiis. Eos animi alias cumque et sed sequi. Illo ut magni aut nulla repellendus reprehenderit. Dolores occaecati ex eos.'),(86,'omnis','Quasi optio atque molestias sit sit eius quis et. Dolor culpa voluptatibus sed placeat. Distinctio ratione in nihil qui autem et dolor enim. Ut fuga repellat aut fuga.'),(87,'sunt','Aut at repellat dicta mollitia. Vitae blanditiis et fuga animi. Architecto quia qui consequuntur atque tempora atque id magni.'),(88,'voluptatem','Et quis repudiandae omnis reprehenderit consequatur quae. Optio voluptatem ex ut laborum optio non. Libero facere natus ipsa enim. Atque quia fugiat quas sint dolorum mollitia qui.'),(89,'ipsum','Temporibus eius maxime laudantium. Facilis animi ut occaecati tempora non. Ea modi et consequuntur sunt magnam quo. Enim corporis eius rerum et.'),(90,'odit','Delectus quia quam soluta occaecati iste. Molestiae aut repellat commodi facilis. Et sequi sunt consequatur itaque inventore. Eos quo velit cupiditate velit deleniti maiores magni.'),(91,'voluptate','Corrupti nisi eius minus eveniet dolorum. Ipsa recusandae qui quis est aliquam qui nobis quisquam. Voluptate ut dignissimos aut eos enim error. Vitae voluptas recusandae enim qui illum ab.'),(92,'earum','Consequuntur et iusto eligendi ut eligendi est. Illo voluptatem culpa dolores nesciunt sequi neque est. Quos quaerat qui possimus minus ipsa impedit dolorem.'),(93,'voluptatem','Quis tenetur dicta eveniet sit error fuga. Officiis sit illum harum officiis numquam perferendis optio. Laboriosam ut ex et unde non quia incidunt.'),(94,'ut','Enim qui placeat id aperiam quasi architecto non quisquam. Placeat est qui assumenda voluptatem sit. Voluptas ipsum voluptas vitae in omnis et odio.'),(95,'et','Quia adipisci dolores praesentium recusandae doloremque. Et sed dignissimos debitis fugiat et sint dolorem ex. Voluptates eligendi sint minus.'),(96,'magni','Maxime voluptas enim facere voluptatibus aliquid iste. Culpa enim doloribus voluptatum quo quos voluptatem quisquam. Perferendis quasi voluptatibus fugiat sint. Fugiat culpa culpa nam laborum molestias accusantium architecto.'),(97,'ea','Consequatur harum minus iusto recusandae facilis amet et. Sapiente ea velit et amet nesciunt quaerat. Consequuntur vitae rerum consequuntur distinctio.'),(98,'ducimus','Facere doloribus voluptatem sunt modi eius minima repellat necessitatibus. Voluptate quaerat cumque quaerat sit soluta qui facere. Est autem porro qui.'),(99,'atque','Voluptatem maiores pariatur vero nihil. Rem illo numquam et quisquam minus. Sit aut totam nam et. Debitis enim qui distinctio sit.'),(100,'ratione','Et et sed sequi nisi vel repellat qui. Sapiente officiis et impedit quia veritatis. Necessitatibus harum odit voluptatem rerum. Esse adipisci dolores vero.');
/*!40000 ALTER TABLE `complaints` ENABLE KEYS */;
UNLOCK TABLES;

--
-- Table structure for table `complaints_type`
--

DROP TABLE IF EXISTS `complaints_type`;
/*!40101 SET @saved_cs_client     = @@character_set_client */;
/*!40101 SET character_set_client = utf8 */;
CREATE TABLE `complaints_type` (
  `id` bigint(20) unsigned NOT NULL AUTO_INCREMENT,
  `complaints_type_id` bigint(20) unsigned DEFAULT NULL,
  `user_id` bigint(20) unsigned NOT NULL,
  `body` text COLLATE utf8mb4_unicode_ci DEFAULT NULL,
  PRIMARY KEY (`id`),
  KEY `user_id` (`user_id`),
  KEY `complaints_type_id` (`complaints_type_id`),
  CONSTRAINT `complaints_type_ibfk_1` FOREIGN KEY (`user_id`) REFERENCES `users` (`id`) ON DELETE CASCADE ON UPDATE CASCADE,
  CONSTRAINT `complaints_type_ibfk_2` FOREIGN KEY (`complaints_type_id`) REFERENCES `complaints` (`id`) ON DELETE SET NULL ON UPDATE CASCADE
) ENGINE=InnoDB AUTO_INCREMENT=101 DEFAULT CHARSET=utf8mb4 COLLATE=utf8mb4_unicode_ci;
/*!40101 SET character_set_client = @saved_cs_client */;

--
-- Dumping data for table `complaints_type`
--

LOCK TABLES `complaints_type` WRITE;
/*!40000 ALTER TABLE `complaints_type` DISABLE KEYS */;
INSERT INTO `complaints_type` VALUES (1,1,100,'Harum nostrum culpa voluptas reiciendis laudantium magnam enim. Similique praesentium dolor mollitia velit. Quisquam velit harum voluptatem qui illo dolor nobis. Vero praesentium et aut ducimus aut praesentium.'),(2,2,66,'Commodi laborum ut et ab cumque blanditiis hic. Quibusdam possimus eius magnam pariatur minima impedit. Sequi et labore ullam corrupti.'),(3,3,21,'Aut asperiores voluptatem quasi excepturi delectus. Id exercitationem sint blanditiis dolor reprehenderit accusamus eius. Suscipit tenetur dolores magni et id accusamus tenetur. Ut ut distinctio perferendis blanditiis velit.'),(4,4,67,'Est velit dolores sint iure. Qui sed consequuntur eos illo et aliquam necessitatibus. Rerum necessitatibus debitis quia qui cupiditate laudantium molestiae.'),(5,5,64,'Cum dolor quaerat quidem aut quia quia consectetur. Iusto quasi aut distinctio repudiandae quis esse. Dolorum odit saepe quia voluptas ipsum unde voluptatum aperiam.'),(6,6,28,'Beatae quas libero incidunt eveniet ut velit ab architecto. Aut aut aperiam autem aut assumenda voluptate veniam. Asperiores delectus beatae nihil dolore voluptatum.'),(7,7,43,'Ea dolorem omnis ad quasi iure. Eaque sint aspernatur mollitia praesentium dolor consequuntur earum. Delectus repudiandae sed autem doloribus itaque quo. Ex cumque itaque tempora qui.'),(8,8,67,'Maxime sed autem molestiae consequatur minima. Fuga fugiat inventore aut labore et eum voluptatibus. Qui voluptatum accusantium qui fuga eos similique provident.'),(9,9,87,'Culpa aut doloremque adipisci dolores. Fuga ab nihil quia voluptas est accusamus. Necessitatibus voluptatem ducimus architecto facere et. Mollitia velit optio quidem quasi aspernatur.'),(10,10,18,'Perspiciatis facere ipsam perferendis ut eligendi. Accusamus modi quo sit molestiae. Vel rerum dolore iusto sapiente adipisci aperiam. Et autem sed reiciendis pariatur dicta odio maiores ea. Quia in voluptas id blanditiis deleniti distinctio voluptatem.'),(11,11,14,'Commodi tempore voluptatibus sed molestiae architecto minima deleniti. Quia nobis rem et sed corporis. Ut omnis in alias sit.'),(12,12,65,'Rerum et minus praesentium error. Et ea doloribus sapiente quia nisi. Omnis in quia placeat consectetur reprehenderit. Quo voluptatem ipsum natus exercitationem sint unde sunt.'),(13,13,95,'Et tempora recusandae sed accusantium voluptatum ratione. Quidem dignissimos ratione quia reprehenderit accusantium. Perspiciatis autem nisi aut suscipit exercitationem est quis dolores. Aut laboriosam cum est.'),(14,14,57,'Molestiae deleniti eaque doloribus quis cum dolorem officia modi. Quisquam mollitia recusandae voluptas minima.'),(15,15,11,'Rem quia saepe molestias iusto dolorum qui. Non est adipisci vel et magnam velit adipisci. Minima sit nulla consectetur.'),(16,16,99,'Minus sunt est quaerat eos. Non ut aut odio fugiat magni ipsa.'),(17,17,45,'In maiores iusto perferendis qui omnis. Vel sint assumenda eos et est. Ex est maxime vitae eius vero. Odit similique dolorum eius est ipsam.'),(18,18,42,'Autem expedita minus fugit iste doloribus et. Magni ex consectetur dolorem quis.'),(19,19,12,'Autem assumenda autem possimus quae culpa sed. Minima odit in tempora fuga quae quis. Corrupti aut magni quam ut voluptas quod possimus odio.'),(20,20,45,'Eos sunt nihil est odio. Aliquid tempora voluptas aliquid aspernatur nihil suscipit neque. Modi architecto delectus rerum saepe expedita omnis. Nihil corporis eos aliquid doloremque aut.'),(21,21,18,'Eligendi mollitia similique labore veniam tempora atque. Impedit laboriosam rerum reprehenderit quis debitis perspiciatis corrupti dignissimos.'),(22,22,74,'Laborum accusantium nulla dolor quos est velit eum. Hic excepturi eos iusto recusandae est necessitatibus sit. Labore libero enim nisi repellendus nemo ipsa nihil.'),(23,23,84,'Aut voluptatem et reiciendis vel distinctio quasi mollitia. Dolorum perferendis voluptatem ab ex et. Explicabo aliquam ex fugit.'),(24,24,21,'Dolores iure adipisci quod dolor velit. Est dolorem repellendus doloribus possimus commodi aut.'),(25,25,71,'Cum magni corporis molestias expedita. Eos consectetur enim sint omnis aut maiores. Corrupti necessitatibus et numquam.'),(26,26,63,'Sit labore consectetur eligendi distinctio earum nostrum. Recusandae voluptate et maxime. Esse ipsa magni qui sequi non quae sit.'),(27,27,13,'Pariatur sunt mollitia magnam eos dolor facere eos. Perferendis odio est sit odio placeat sed voluptatem voluptatibus. Nihil vero assumenda nesciunt id. Maiores eum facere velit dolor aut.'),(28,28,37,'Dolores ut et animi et culpa. Est voluptatem ut modi laboriosam numquam. Temporibus temporibus ut facilis sed repellat accusamus. Nesciunt ad quis suscipit qui maxime enim eius.'),(29,29,59,'Soluta iusto velit sed adipisci non praesentium est. Molestiae provident ab molestiae totam nihil. Commodi est quod dolorem officia. Qui id laboriosam et in non molestiae sed rerum.'),(30,30,87,'Nihil quas quis sunt exercitationem deleniti. Odio nulla officiis consequatur ut minus. Et commodi occaecati inventore animi. Quas aut consequuntur sed voluptatem nulla.'),(31,31,74,'Sed suscipit ab tempore. Nihil qui cumque maiores consequatur. Nisi officiis dolore corporis. Quae nulla reiciendis deserunt ut modi facere consequatur.'),(32,32,58,'Nesciunt rerum nesciunt provident. Repellendus quaerat minima modi dolore voluptatem et laborum. Eligendi repellendus quae cum porro. Omnis beatae aliquam excepturi et officiis.'),(33,33,53,'Quo aut maxime iure sed aperiam incidunt illum et. Quia debitis dolor deserunt dolor a autem quod. Quasi commodi esse mollitia animi aperiam illum eum. Modi doloremque dolor eaque tenetur voluptas quia.'),(34,34,94,'Dolorem ab ullam rem consequuntur. Illum occaecati debitis ut qui dolore. Voluptatibus quidem adipisci porro perferendis animi.'),(35,35,25,'Sequi ab nobis veniam molestias vero. Molestiae voluptate ea voluptas quibusdam et facilis. Vel error repellat qui ut in enim. Quisquam voluptas alias aliquid aut occaecati voluptatem.'),(36,36,16,'Blanditiis debitis itaque rem similique. Delectus cupiditate qui et facere. Libero nam sunt est nisi sit perspiciatis voluptatibus.'),(37,37,22,'Fugit omnis eum sequi rerum voluptatem expedita. Omnis id saepe sequi officia ipsa quo neque earum. Tempore excepturi dolor qui ducimus dolorem maiores a.'),(38,38,67,'Voluptate alias non accusantium dolor autem. Nobis dolorem dolorum consequatur aspernatur ut neque. Delectus ut id labore ducimus aut ad. Tenetur sint velit rerum qui repellendus aliquam ut. In adipisci eum beatae aut tenetur error rerum sit.'),(39,39,82,'Aut consequatur consequatur iure rerum sit ut ducimus. Ut nemo blanditiis voluptas sed. Aspernatur amet consectetur voluptatem hic quia asperiores expedita. Magnam et et inventore repellendus.'),(40,40,8,'Beatae repellendus eum sit delectus aut modi atque numquam. Eum blanditiis hic qui animi quis.'),(41,41,85,'Eum sint incidunt omnis ut eligendi tenetur earum. Dolor illo vitae molestiae corporis. Voluptatem ut enim unde quisquam optio maxime aut tenetur. Est nihil quaerat rerum consequatur quia rerum molestias qui.'),(42,42,96,'Iure in officiis quos atque reiciendis error. Voluptas ut numquam maxime dolor voluptatem ipsam alias mollitia. Aut ipsam unde ipsam quis. At animi omnis odit neque aperiam aperiam.'),(43,43,73,'Est iste voluptatibus molestiae facere temporibus molestias. Eum distinctio aut aliquam laborum autem eius ut est. Rem quisquam rerum sed impedit. Odio earum id ullam.'),(44,44,79,'Omnis officia reiciendis quisquam dolores distinctio illo natus. Illum sed autem et non impedit.'),(45,45,52,'Sint cumque commodi enim dicta quibusdam. Ipsam est repellendus delectus aut et voluptas. Ut qui ut laborum quam dolorem nihil accusantium. Consequatur dolores ea enim quas cumque recusandae aliquid.'),(46,46,83,'Quia repudiandae odio dolores voluptas et. Dolor enim ipsum magni autem hic. Ducimus praesentium adipisci aut ex. Quaerat et quasi cum sunt at id et.'),(47,47,78,'Corrupti non impedit nihil molestias aut quae. Veniam architecto officiis porro eaque eum. Velit et non nemo impedit aut.'),(48,48,96,'Officiis eligendi iste natus ut exercitationem commodi possimus. Dolor ex qui beatae. Ipsa numquam asperiores consequatur aut et porro delectus. Aut aperiam optio veniam porro magni ea.'),(49,49,24,'Minima quis quasi quaerat quia. Veritatis saepe assumenda maxime qui. Mollitia voluptatibus iusto eligendi ipsa sint est. Culpa sed iusto sed dicta.'),(50,50,90,'Sunt voluptas quod enim est. Repudiandae inventore quos iure. Sit numquam omnis porro quia. Voluptatem et ut aperiam quos similique.'),(51,51,41,'Saepe ex est ut eius consequuntur nesciunt. Deserunt illum ad reprehenderit a quibusdam blanditiis ab. Voluptatibus maiores rem quam numquam praesentium quia mollitia.'),(52,52,41,'Laborum assumenda adipisci eos deleniti asperiores. Quia expedita omnis debitis assumenda qui est eum. Illo vel fugit quisquam nihil dolore reprehenderit enim. Quos praesentium nobis consequuntur illum quod voluptatem vitae.'),(53,53,63,'Voluptas est incidunt eveniet mollitia quidem explicabo. At enim iusto corporis possimus et dolorem eos. Quos atque quaerat dolores neque a accusantium saepe. Cumque odio beatae commodi ut.'),(54,54,24,'Ea dolorem eum iure. Nobis sint quibusdam unde quo quis cupiditate itaque tempore. Et ut corrupti sed dolore omnis omnis non.'),(55,55,62,'Magni commodi unde aspernatur rerum qui pariatur reprehenderit. Voluptate sint nulla quis est at quia. Soluta accusantium ipsum assumenda dolorem perspiciatis voluptatem a quos.'),(56,56,34,'Aperiam aut vitae impedit accusantium similique veniam voluptates et. Tenetur nihil rem iste mollitia perferendis tempore assumenda. Enim vero hic tempore doloribus praesentium culpa.'),(57,57,87,'Quia sit eligendi cumque aliquid sequi. Qui unde omnis quia non ea.'),(58,58,75,'Ad sit omnis qui id quaerat. Incidunt optio commodi possimus. Aut qui autem aspernatur rerum quod.'),(59,59,70,'Consequatur est id hic rerum aut explicabo perspiciatis. Voluptatem officia debitis repellendus consequuntur aut. Asperiores est unde molestiae minus. Perspiciatis aspernatur non suscipit id sequi reiciendis.'),(60,60,46,'Dolorem earum et nulla nostrum. Autem quisquam ipsa aut. Porro porro illum et repellat cupiditate. Rerum esse cumque quasi.'),(61,61,61,'Asperiores voluptatem voluptatem eum. Et et est aliquid. Magnam atque fugit cupiditate illum ut accusantium eum.'),(62,62,44,'Non voluptatum dignissimos assumenda odit cupiditate odit adipisci. Excepturi error et ipsa excepturi. Eligendi optio optio rerum est illum minus dolores magni. Laboriosam aut consequuntur optio eaque quidem est optio recusandae.'),(63,63,3,'Maiores ab quia architecto sit praesentium vitae. Dolorum ea nihil facilis neque praesentium a voluptas provident.'),(64,64,13,'Corporis sit est aut sunt nihil soluta. Quis velit saepe tempore iusto recusandae. Possimus sed nemo similique est laboriosam. Eaque modi praesentium quo ut.'),(65,65,37,'Quia doloribus unde maiores ut repellendus officia. Sed consequatur quibusdam dolor repellendus. Eligendi sunt et placeat sunt fuga. Cumque eum amet ut earum tenetur quibusdam praesentium.'),(66,66,27,'Quia tempora ab et quia ut commodi ducimus. Est in atque id praesentium sapiente ratione. Ducimus veritatis vero aut soluta expedita id itaque. Ut inventore nisi ratione quasi officiis nulla maiores velit.'),(67,67,28,'Magnam veritatis quibusdam quibusdam ab. Quam necessitatibus aut unde expedita.'),(68,68,59,'Consequatur temporibus quam sunt voluptate facilis vitae quidem expedita. Non accusamus qui debitis. Incidunt sequi odio voluptas voluptatem.'),(69,69,94,'Eaque rerum ut eos voluptas. Velit non laboriosam nulla dolor corporis atque omnis. Odio debitis at voluptatem sed non est vel.'),(70,70,10,'Iste quaerat ad quasi consequatur temporibus qui magnam voluptatem. Voluptatem id nobis qui placeat velit illo. Labore error dolores ratione ipsam. Iure perferendis quae quis ad quia harum.'),(71,71,66,'Asperiores ea mollitia voluptas non. Repellendus veniam placeat et unde consequatur et deserunt. Repellat aliquid et vitae voluptatum inventore. Illo quas ipsa eos maxime. Exercitationem neque aperiam enim possimus eaque atque provident.'),(72,72,78,'Sunt voluptatem ipsum ad et libero molestiae sed. Accusantium quia nisi labore natus. Quod magni voluptas amet sit excepturi minus quae ut. Eius illum enim iusto nihil.'),(73,73,5,'Ducimus maxime est placeat earum facere dolores ipsam. Nemo voluptas ad eveniet voluptates veniam. Illum aut eaque sunt et omnis.'),(74,74,38,'Dicta explicabo ut sit impedit. Delectus voluptatem unde voluptate. Et voluptas amet ratione at quis.'),(75,75,57,'Incidunt hic nostrum ducimus. Quo in aut nobis cupiditate est distinctio quibusdam. Soluta error voluptatem iure nulla explicabo autem.'),(76,76,57,'Nulla excepturi est similique. Maxime saepe libero ut tempore ea incidunt quos. Quam qui labore et deleniti aperiam est. Fuga voluptas quasi exercitationem excepturi culpa quis.'),(77,77,21,'Dolorum officia ut suscipit natus accusamus voluptas laudantium non. Voluptatem impedit quas rem beatae saepe suscipit. Officiis illum iste facere earum quae et. Voluptates quos dolor non debitis. Temporibus nobis temporibus nesciunt quia ut.'),(78,78,35,'Nam non amet optio voluptatum quod dolorem consectetur. Quis accusantium et quidem rerum sequi tenetur dicta. Soluta eius nemo aut.'),(79,79,52,'Velit sunt laboriosam asperiores rerum tempore animi iusto. Voluptatum ad unde et voluptas tempore. Quae incidunt debitis velit aperiam omnis dolorum. Molestias modi ea voluptas eaque voluptates deleniti.'),(80,80,45,'Delectus voluptate fuga nulla inventore eius. Voluptas illum a qui alias sint et. Atque et vitae cupiditate quis.'),(81,81,24,'Recusandae necessitatibus similique temporibus perspiciatis. Sit qui ipsum facilis quibusdam animi adipisci autem. Voluptas natus qui ratione dolore eveniet non. Vero odio temporibus dolores repudiandae nihil nesciunt excepturi.'),(82,82,93,'Aut magni dicta ut autem facilis. Eum tempora recusandae laborum dicta non. Cupiditate dolore enim eum sed qui. Porro voluptatem alias porro totam consequatur in.'),(83,83,86,'In non odio nam placeat. Esse aut facere aperiam. Eligendi omnis nostrum dolore aliquid vero voluptates sed. Veritatis excepturi et soluta voluptas voluptatum fuga aspernatur. Ut beatae tempora dolore.'),(84,84,87,'Nesciunt omnis error porro autem. Ea exercitationem iste blanditiis debitis vitae et odit. Ab reiciendis velit dolorem.'),(85,85,16,'Voluptas sint aut quis ex occaecati laboriosam non. Mollitia fuga necessitatibus recusandae laudantium non. Vitae dolorum et et nisi quae tempora exercitationem in.'),(86,86,47,'Vero soluta modi non illo. Sed reiciendis quo id placeat velit accusamus. Non dolor ea blanditiis suscipit. Dolorum ut amet itaque sed modi voluptates libero et.'),(87,87,21,'Aut quod ut eum quos blanditiis esse molestiae. Omnis ut maxime vel sunt facere.'),(88,88,3,'Laboriosam veritatis rerum consequuntur quam. Eos sed libero possimus veniam voluptas. Sit sequi ipsum veniam quo sequi.'),(89,89,22,'Cumque non illo sint magni omnis fugit cumque. Possimus ex corporis aut voluptatem. Omnis in at dolorem voluptatem reiciendis.'),(90,90,90,'Sed qui eius natus. Qui illo est exercitationem officiis dolore fugit voluptates sit.'),(91,91,48,'Accusantium itaque non quo placeat maiores hic reprehenderit. Accusantium voluptas consectetur vel molestiae totam exercitationem nisi. Eius ad voluptatem et repellat repudiandae. Omnis minus aliquam illo sunt. Tempore totam perferendis ea ipsum recusandae tempora eligendi.'),(92,92,82,'Officiis accusamus nobis error ut est eaque dolore. Qui voluptatem sequi tenetur necessitatibus enim et aut. Nam sed quasi repudiandae officiis possimus quibusdam.'),(93,93,33,'Et quia iusto fugit. Aperiam totam modi necessitatibus sunt dolorum praesentium fuga illum. Praesentium placeat nulla corrupti non omnis. Occaecati vitae delectus a voluptatum iusto aut aut.'),(94,94,50,'Qui voluptas deserunt dolor doloremque sapiente commodi. Et id minima quis at. Animi iste a aut quis assumenda et quisquam. Vitae vel sit non vero qui. Tenetur eaque quas quae aut laudantium et sint aut.'),(95,95,95,'Voluptas distinctio qui consectetur possimus ut. Ea ipsa animi molestiae eligendi. Recusandae at et qui aliquam optio. Velit officiis harum rerum laudantium autem earum quam quaerat.'),(96,96,70,'Blanditiis nobis fugit temporibus autem deleniti molestiae. Qui sit laborum non qui laudantium id ipsum.'),(97,97,77,'Labore repellat nam quis est ab dolorem. Fugit voluptate qui sit rerum. Similique dolor aut autem sint mollitia iusto eum. Unde cumque illum inventore molestiae et impedit distinctio qui.'),(98,98,23,'Dolorem tenetur autem ad aut est non non. Explicabo minus fugiat officiis molestiae delectus. Aut et quidem saepe. Aut id maxime sit cum occaecati expedita facilis.'),(99,99,28,'Hic nam porro dolorem. Sint facilis nobis sequi vel et. Esse facere provident animi veniam.'),(100,100,71,'Eos sunt molestiae magnam quaerat vel quos. Tempora et voluptatem incidunt et omnis. Repellendus repellendus voluptatem nihil eveniet in id.');
/*!40000 ALTER TABLE `complaints_type` ENABLE KEYS */;
UNLOCK TABLES;

--
-- Table structure for table `contagion_contact`
--

DROP TABLE IF EXISTS `contagion_contact`;
/*!40101 SET @saved_cs_client     = @@character_set_client */;
/*!40101 SET character_set_client = utf8 */;
CREATE TABLE `contagion_contact` (
  `user_id` bigint(20) unsigned NOT NULL AUTO_INCREMENT,
  `from_user_id` bigint(20) unsigned DEFAULT NULL,
  `to_user_id` bigint(20) unsigned DEFAULT NULL,
  `description_of_contacts` text COLLATE utf8mb4_unicode_ci DEFAULT NULL,
  `created_at` datetime DEFAULT current_timestamp(),
  PRIMARY KEY (`user_id`),
  KEY `from_user_id` (`from_user_id`),
  KEY `to_user_id` (`to_user_id`),
  CONSTRAINT `contagion_contact_ibfk_1` FOREIGN KEY (`from_user_id`) REFERENCES `users` (`id`) ON DELETE CASCADE ON UPDATE CASCADE,
  CONSTRAINT `contagion_contact_ibfk_2` FOREIGN KEY (`to_user_id`) REFERENCES `users` (`id`) ON DELETE SET NULL ON UPDATE CASCADE
) ENGINE=InnoDB AUTO_INCREMENT=101 DEFAULT CHARSET=utf8mb4 COLLATE=utf8mb4_unicode_ci;
/*!40101 SET character_set_client = @saved_cs_client */;

--
-- Dumping data for table `contagion_contact`
--

LOCK TABLES `contagion_contact` WRITE;
/*!40000 ALTER TABLE `contagion_contact` DISABLE KEYS */;
INSERT INTO `contagion_contact` VALUES (1,49,91,'Saepe neque et labore eligendi quia a. Excepturi laudantium cupiditate ullam porro reprehenderit beatae. Quod ducimus alias omnis quas sed magnam.','2010-11-24 19:38:46'),(2,35,100,'Incidunt enim omnis magnam doloribus recusandae numquam. Eveniet et cum similique consequuntur consequatur dolores. Blanditiis at sequi id omnis esse in.','1999-05-27 03:53:43'),(3,25,25,'Nihil repellat autem quia. Delectus et magnam nisi iste. Voluptatem id error et. Voluptate qui quidem facilis nesciunt omnis.','1992-08-21 20:44:20'),(4,99,65,'Quas ea vel dicta consequatur et rerum deserunt. Aut atque ipsam velit consequatur voluptatum. Temporibus magnam incidunt consequatur aperiam dolorem.','2014-03-26 11:52:05'),(5,42,48,'Et est vero itaque natus eos iste qui consequatur. Adipisci cumque facilis eum qui ut odit nulla. In repudiandae et consequatur ratione officia.','1993-07-19 20:44:47'),(6,76,99,'Quia excepturi quo voluptas. Optio reprehenderit incidunt sit eveniet.','1970-01-29 11:41:52'),(7,72,43,'Voluptates quo dicta ut sunt harum corporis. Est impedit libero voluptatem aut itaque. Ipsam omnis voluptate tenetur veniam maiores. Atque aspernatur iste dolorem similique id et.','1987-01-29 09:12:06'),(8,28,81,'Ipsa officia sunt voluptatem cum maxime dolores. Omnis est reprehenderit aut officiis. Dolores dolorum ducimus laboriosam aut. Earum voluptas minima inventore nobis sint.','1994-04-20 21:58:16'),(9,63,62,'Eum explicabo dolores tempora fugit numquam ducimus. Quae sunt qui molestias sit temporibus impedit quisquam.','1992-06-19 07:09:46'),(10,91,89,'Ipsum sit quia corrupti ut enim doloribus. Perferendis quaerat enim corporis molestiae. Cum perferendis dolorem aut qui sunt rem quo. Saepe sint quia quidem autem.','2008-04-13 10:22:43'),(11,64,1,'Rem incidunt ipsam qui quae. Consequuntur quia aut velit culpa reprehenderit provident eos blanditiis. A culpa autem facere consequatur voluptas dignissimos saepe.','1977-07-05 15:00:06'),(12,62,53,'Rerum nobis sint assumenda ut quos aut. Corporis cumque est exercitationem voluptate. Tempore quidem reiciendis praesentium alias aut. Omnis necessitatibus velit quo ut rerum.','2010-07-13 07:19:06'),(13,28,65,'Voluptatem excepturi dolores odit soluta sunt deleniti. Consectetur cupiditate qui blanditiis. Qui sed cum facere corporis ut explicabo provident. Alias sed tenetur explicabo aut minima in dolorem.','2014-05-30 00:43:38'),(14,37,54,'Voluptatem pariatur enim voluptas voluptatem ut. Necessitatibus aut reiciendis quisquam incidunt. Blanditiis in excepturi incidunt assumenda atque mollitia minima. Praesentium alias earum qui omnis nesciunt. Odio a animi maxime.','1979-04-20 23:13:37'),(15,62,43,'Qui ipsum fuga doloremque numquam suscipit sunt. Ex cumque eos quia nam illum et. Fugiat quidem omnis qui ut ut veniam.','1975-02-26 07:44:26'),(16,66,10,'Quis vel eum odit natus consequuntur rerum ea. Sunt omnis ipsa sit provident. Autem vitae dolore ullam unde est laudantium qui. Saepe temporibus et praesentium natus velit dolorem iste provident.','2001-03-20 21:13:46'),(17,33,100,'Enim inventore molestiae ut quasi. Libero sunt magni magni et. Fugit a cumque quis quisquam doloremque. Est repellat sunt excepturi voluptatibus magnam quia aliquid. Eveniet nesciunt vero cum repellat magnam.','2000-03-01 02:08:47'),(18,9,58,'Quos sed molestias distinctio excepturi. Ut esse laboriosam animi omnis occaecati corporis. Vel qui est est.','2004-04-29 18:50:42'),(19,25,8,'Sit harum magnam quae explicabo tempora vel consequatur. Est enim magni aut culpa soluta itaque corporis. Saepe id excepturi facere earum blanditiis id est.','2013-09-15 00:15:42'),(20,22,67,'Error suscipit iusto quas esse. Quis qui et in. Provident ut ex temporibus et cum incidunt. Quas sint temporibus fugiat veritatis est.','1981-05-22 13:47:36'),(21,55,98,'Laboriosam omnis non et amet et veritatis totam molestias. Dolorum corrupti non repudiandae error. Amet est perferendis saepe facere sunt qui enim. Pariatur repellendus eveniet vel corrupti pariatur ut.','1994-02-07 05:36:44'),(22,65,26,'Quibusdam voluptas nisi similique pariatur facilis nobis nemo repellendus. Doloribus pariatur unde explicabo sint. Et et aut aut. Dolore dolores atque velit unde.','1979-02-22 20:38:51'),(23,41,92,'Id illum molestias tempora. Libero tempora quia necessitatibus architecto velit. Aut quisquam temporibus consequuntur iure eius quo.','2008-09-20 19:10:59'),(24,6,3,'Et minima tempore excepturi aliquid voluptas reprehenderit quo. Perspiciatis dolores nihil itaque quia illo iusto. Voluptatem dicta praesentium possimus ducimus consequatur. In quos pariatur iusto.','1986-01-20 07:37:05'),(25,54,97,'Rerum veritatis ut ut neque. Non delectus error eius quod neque. Quo consequatur ducimus sunt qui beatae praesentium.','2018-05-13 15:52:36'),(26,91,17,'Tempore molestiae quia et modi. Veniam doloremque architecto aut odio nobis deleniti animi sed. Maiores voluptas aut soluta illum aut.','1992-09-21 19:40:42'),(27,97,52,'Enim cum ut molestiae quia. Rerum similique non quis dignissimos. Voluptatem tempora velit temporibus fugit voluptatem.','1978-02-05 17:09:54'),(28,70,24,'Veritatis assumenda non aut vitae. Consequatur omnis doloremque molestiae cum. Et aperiam repudiandae aliquid officia.','1982-01-11 08:39:38'),(29,17,7,'Atque possimus et quas voluptatem laudantium ipsam. Hic hic possimus id eos qui magnam omnis. Sit sunt optio consequatur iste est qui quod. Natus accusantium reiciendis in velit nobis quis.','2013-01-11 19:21:25'),(30,77,78,'Dolores excepturi doloribus est possimus doloribus. Est aut et quasi consequatur voluptates. Corporis repellat nihil nobis fugit qui. Quo fugit sint expedita dolor asperiores impedit quaerat.','2001-10-06 13:18:48'),(31,49,43,'Eos beatae non excepturi. Quia et officiis minus sit tenetur minima. Nulla omnis ut in non.','2019-01-30 07:32:56'),(32,87,82,'Corrupti ratione eligendi eos mollitia excepturi nihil dolorem. Eum ab perspiciatis consequuntur et sed. Sunt tenetur impedit et facere.','2001-09-16 14:04:22'),(33,43,96,'Voluptatibus quisquam amet veniam eum repudiandae cumque quibusdam. Vel est necessitatibus mollitia ratione. Commodi delectus ratione et minima in reprehenderit iure.','1977-05-01 07:09:01'),(34,39,67,'Et tempore sunt non aut inventore. Quia aut aut quia cumque quasi amet sunt. Totam iste magni illo et eveniet exercitationem iure nesciunt.','2005-11-10 02:33:42'),(35,3,61,'Voluptate ratione placeat sed eaque animi. Est distinctio et quia et et eum suscipit. Consectetur et assumenda blanditiis expedita officia voluptatum. Atque dolor voluptatem distinctio et asperiores.','1988-12-27 02:49:00'),(36,34,57,'Sint non omnis incidunt deleniti ut. Dolorem est animi excepturi vitae repellat. Ex aliquid dolor sed voluptatem sequi alias.','2005-08-17 22:35:53'),(37,59,98,'Autem impedit assumenda iusto nulla dolor pariatur et. Natus est recusandae et voluptas doloremque aut. Dicta reprehenderit ut amet soluta quod iste fugit inventore. Quibusdam repellat velit ut id a.','1981-10-22 20:14:14'),(38,83,99,'Ea rerum magnam voluptatem dicta est veniam alias. Modi qui ut hic porro. Omnis voluptatem et provident.','1981-08-18 19:16:25'),(39,90,89,'Ut quidem quaerat ut id. Voluptatibus illum dolore aut. Dolorem velit illo quis earum quia quo sit cumque. Rem dolorem unde sed ipsa.','2005-03-21 04:26:49'),(40,2,44,'Aliquam est ut vero. Ad facilis ipsam facere ipsa reprehenderit. Tempora aut ratione qui tempora est rem omnis. Ut perferendis ratione qui eum dolorem.','1975-03-08 08:03:14'),(41,85,92,'Ea dolor aut esse sapiente ut maxime. Est vel aut ab occaecati expedita dignissimos deserunt. Eius ut esse accusantium et consequatur. Doloribus quia nulla ea est ea libero ab.','1984-12-04 01:05:27'),(42,61,82,'Aut officiis suscipit eaque molestias. Possimus iste repellat voluptatem esse nihil. Quia accusamus illo eum ab nulla deleniti possimus.','2003-08-07 07:41:18'),(43,44,31,'Voluptatem odio quae amet nesciunt nihil distinctio dolore et. Architecto in dicta dolores tenetur consequuntur.','1994-05-04 19:12:23'),(44,6,60,'Accusantium quibusdam reiciendis sint quam voluptas. Minima quam consectetur est qui quas. Explicabo sit inventore id tempora sed eos molestias.','2017-03-12 08:52:21'),(45,37,83,'Sed qui officiis voluptas aut saepe voluptas sint. Eveniet occaecati praesentium voluptatum autem consequatur sed. Qui est quis maxime consequatur sed neque harum. Vero accusantium et tempora rem maiores.','1990-01-19 21:51:19'),(46,37,86,'Aut in reprehenderit nisi est numquam ut. Ad cupiditate commodi temporibus in facere vel. Nesciunt fugit magnam modi aut molestiae ipsa. Dignissimos est libero architecto est asperiores fuga.','2016-02-16 18:59:59'),(47,25,24,'Aperiam velit explicabo nam. Saepe est fuga enim aut nostrum. Assumenda laborum facilis aut ratione. Et sit quisquam quod dolorem facere quia.','1987-12-25 14:30:27'),(48,67,68,'Veniam ut quam nulla qui. Est debitis aliquid a veniam. Rerum vel sed suscipit quas perspiciatis velit.','2010-05-01 06:04:41'),(49,20,6,'Impedit voluptatem dignissimos praesentium illum sapiente et occaecati. Sint quaerat velit eum. Sed quidem aliquam ea autem magni placeat. Quia ab nobis unde iusto.','1995-02-04 10:22:27'),(50,34,22,'Sint recusandae sed et aut ullam et vitae est. Iusto rerum quisquam est et. Eos necessitatibus id nisi voluptas.','2014-01-17 18:52:31'),(51,67,67,'Illum illum adipisci nostrum voluptatem et temporibus. Fugit quaerat modi harum. Repellat dolores adipisci consequuntur qui laudantium commodi. Voluptate deleniti repudiandae occaecati.','1998-12-07 21:04:44'),(52,79,25,'Ex consequatur commodi maiores minima. Et dolores dolor blanditiis iure.','1980-07-23 21:45:50'),(53,65,62,'Odio est maiores eligendi officia aut. Beatae qui ipsa error in ut. Sunt corporis quod similique odio quod est optio. Ea amet corrupti rerum excepturi. Nisi amet nobis eos sapiente vero.','1977-04-30 19:40:34'),(54,24,55,'Voluptatum asperiores quia et corporis veritatis. Eaque tempore odio et rerum consequatur cum sequi. Iure natus ullam nostrum repellat. Distinctio quis et est consequatur vero.','2017-10-31 04:57:59'),(55,50,25,'Ratione quia quia ea est omnis sunt sed. Et iure aliquam reprehenderit. Minima dicta iste ipsum placeat doloremque error tempora.','1973-07-30 12:50:58'),(56,98,35,'Totam deserunt similique dignissimos optio. Impedit culpa omnis voluptatem dolor et repellendus culpa. Est quo odit et velit libero quam. Ut nesciunt aut nam ut est quia.','1974-02-07 05:09:53'),(57,17,58,'Quidem suscipit molestiae est nostrum dolorem assumenda a. Inventore sit unde dolorem ullam. Sint consectetur sit non accusamus reprehenderit minus cumque.','1974-11-14 00:48:39'),(58,16,61,'Quisquam quia earum beatae. Aut et vel qui aspernatur maiores modi. Exercitationem consequatur laudantium eos.','2012-04-20 13:31:20'),(59,89,21,'Non ut sequi consequatur aut. Exercitationem in voluptas nihil repellendus quam qui soluta.','2019-01-05 04:35:27'),(60,20,25,'Omnis omnis cumque ipsa rerum deleniti autem aut. Voluptas doloremque minima cupiditate dicta rerum omnis. Labore labore quas expedita officia qui.','2018-03-27 04:13:02'),(61,3,57,'Explicabo nam blanditiis ipsum culpa. Odit mollitia pariatur mollitia rerum voluptatem perferendis quis. Rerum officia non temporibus voluptas adipisci mollitia ullam.','2009-05-08 10:01:50'),(62,10,27,'Quisquam natus voluptas harum quaerat autem. Dolor blanditiis nostrum quia est atque eius consequuntur. Velit aliquid quia et vel.','2008-09-18 15:05:04'),(63,81,77,'Aut aut placeat blanditiis ea repudiandae deserunt. In et placeat voluptatum doloribus similique. Voluptatem perspiciatis doloribus magnam dicta suscipit quis debitis. Hic incidunt exercitationem quo ducimus.','2002-06-01 21:16:29'),(64,94,100,'Iusto sequi hic ut facere nobis labore. Consequuntur odio consequatur eius at sed voluptas. Sit aut error illo quia.','1992-04-29 10:12:41'),(65,82,28,'Ex tempore aliquid enim dolores eveniet. Repudiandae quisquam officia placeat autem praesentium quis. Cumque voluptatem nihil amet facilis. Iste quo architecto ipsum dolores eum nemo.','1989-02-19 19:59:55'),(66,22,49,'Sunt iusto qui labore sequi ex delectus veniam. Pariatur minus assumenda minus nulla. Eveniet repellendus vero et qui animi optio et.','2011-12-03 16:24:42'),(67,95,100,'Minima natus delectus iusto qui voluptas est eaque. Qui consequuntur dicta nulla qui. Et autem quia nam est.','1997-08-25 06:14:39'),(68,73,60,'Officia asperiores consectetur nihil. Magni alias hic fuga quos aut eum voluptate.','1992-04-19 20:20:08'),(69,62,97,'Voluptatum aspernatur qui vitae quae quia velit exercitationem hic. Consequuntur ex omnis accusantium alias tenetur omnis laudantium nulla. Eum et quos voluptatibus qui. Et commodi aut neque eum voluptate asperiores minus. Cumque ut magnam voluptatem quo et facere.','1994-02-10 04:16:25'),(70,14,11,'Optio vero alias eius totam neque velit nisi. Saepe maxime nemo delectus atque voluptatibus. Quis voluptatem odio aliquam sed alias ut possimus laboriosam. Dolor ad voluptas libero necessitatibus numquam ab.','2010-12-13 10:50:13'),(71,22,12,'Expedita aut nihil sunt optio non officia tenetur. Quis provident ducimus sapiente sit incidunt velit quisquam libero. Deleniti labore qui fugit iste.','2002-08-07 08:18:18'),(72,45,38,'Vel ratione natus labore atque aut nisi consectetur. Aut ab neque et. Non dolor iusto facere quia ut a culpa. Provident qui dicta culpa provident magni.','1996-10-01 08:03:36'),(73,69,61,'Tempora consequuntur numquam voluptas omnis reprehenderit sit. Eveniet repellendus consequatur excepturi nobis mollitia qui. Quisquam ea voluptatem ut nemo non.','2010-04-11 22:39:43'),(74,98,58,'Excepturi perspiciatis deleniti molestias officiis. Est laboriosam possimus ipsam vero. Aspernatur magnam ea nam non ex quia maiores nemo. Molestiae numquam odio neque ut. Occaecati voluptatibus officia nostrum velit omnis maiores doloremque.','2017-01-12 14:42:31'),(75,81,18,'Facilis doloremque et illum quasi cumque nostrum saepe aut. Molestias odio magni minima mollitia ea cumque. Asperiores nemo corporis sit vitae consequatur. Aliquid quam incidunt aut magni aut.','1971-10-04 07:09:09'),(76,82,83,'Voluptates et sed quia. Consequatur id aut tempora dolores. Consequuntur et numquam qui molestias perspiciatis et sunt dolores. Voluptas culpa maiores deleniti officiis.','2016-04-06 15:09:52'),(77,75,92,'Dolores itaque non nihil qui itaque. Saepe enim hic sint reprehenderit.','1980-12-14 16:36:26'),(78,10,55,'Id impedit omnis expedita ea odio voluptatem. Libero nihil voluptatem iste facilis. Voluptas molestiae quibusdam voluptatem itaque sint.','2014-10-04 15:50:36'),(79,69,4,'Voluptas quae suscipit id nostrum. Et minima et dignissimos ut incidunt. Odio animi veniam facere omnis rerum eius omnis. Consectetur ipsum voluptate possimus suscipit rerum. Minus natus rerum deserunt totam explicabo iste praesentium est.','2019-01-01 19:03:29'),(80,54,51,'Ipsum quasi sunt minus placeat dolor ut rerum. Aperiam ut odit animi optio nobis quas recusandae.','2018-01-06 19:30:05'),(81,32,75,'Est ducimus labore necessitatibus dolore. Ex consequatur aut veritatis harum reprehenderit alias. In doloribus temporibus accusantium vel omnis.','1998-11-05 08:38:13'),(82,99,27,'Corrupti eos omnis ipsum aut consectetur. Eaque enim veniam blanditiis. Et adipisci incidunt velit voluptatem. Esse doloribus ab ut distinctio labore magni.','1997-07-11 15:28:44'),(83,75,71,'Repellat voluptas et fugiat nihil et tenetur fuga sed. Cumque ea qui aut quibusdam. Laudantium vitae delectus unde consectetur aspernatur quia labore. Libero sed hic cumque eaque at dolores. Odit voluptatem atque sunt et nobis impedit voluptatum qui.','1994-03-03 15:59:12'),(84,86,37,'Aut omnis dolorem aut eum et dolorem. Dolore omnis velit sit ut amet. Et veritatis magnam provident quis ut. Nam veniam unde repudiandae praesentium.','1998-01-19 07:40:53'),(85,68,100,'Voluptatem voluptatum libero omnis ut minus. Et ut dolorem at quam error odit natus. Fugiat vitae odit beatae perspiciatis est accusantium.','2013-04-14 23:54:25'),(86,47,89,'Hic ullam consequatur non quidem sed ut. Cumque inventore omnis provident aut dignissimos repudiandae asperiores. A molestias sapiente veniam nostrum consequatur. Dolorum fugiat qui suscipit quisquam sequi.','1993-03-02 03:04:25'),(87,11,92,'Maxime autem quo et nostrum. Quis quam perspiciatis ea laboriosam. Sint voluptas distinctio aut quidem consectetur accusantium omnis.','2012-01-16 11:20:02'),(88,26,80,'Rerum similique aliquid ab modi blanditiis. Ut blanditiis facere unde et quis sunt minus. Quae tenetur placeat iste aut totam fugiat consequatur quisquam. Vero aut numquam ut.','1977-10-11 15:24:49'),(89,52,24,'Rerum fugiat omnis nobis nam ut velit. Praesentium dolore et omnis molestiae quo voluptate. Commodi necessitatibus id eos sequi.','1997-06-24 11:03:15'),(90,37,33,'Recusandae voluptates ut doloribus harum dolor itaque. Porro necessitatibus vel fugit impedit eveniet fugit. Consectetur architecto exercitationem enim nostrum molestiae est voluptates deleniti. Magni dolor ad molestias eaque ab commodi architecto nam. Dicta delectus dolore consequatur nemo quo.','2021-10-09 22:57:28'),(91,42,19,'Autem inventore veritatis distinctio dolorem assumenda. Et aperiam sit voluptas et quia veniam dolorem. Illo cupiditate molestias omnis perferendis aut amet esse. Sed aut ad est corrupti eaque.','1976-12-21 06:38:12'),(92,16,16,'In inventore id ut deleniti cumque exercitationem est. Optio eos cum consequuntur eos aut. Accusantium explicabo nihil distinctio facere debitis sequi quia.','2016-07-14 02:41:01'),(93,10,25,'Natus sint mollitia voluptas accusantium nemo exercitationem laudantium velit. Enim dolores autem reiciendis ipsa. Accusamus enim et illum fuga. Numquam aut eius ipsam est non quos sit aliquid. Ut id omnis vero.','1973-02-09 06:03:55'),(94,70,78,'Qui repellat sint qui sed adipisci. Eum amet delectus earum rerum deserunt. Et maxime ipsum velit perferendis dolores autem. Exercitationem dolores consequatur qui optio ut qui ducimus.','1979-07-30 11:01:33'),(95,29,24,'Neque placeat voluptas delectus qui consectetur in iusto. Est amet dolor in vel aut rerum amet eius. Tenetur modi officiis vel minus doloremque earum eius et. Quia non officiis sapiente.','1976-09-12 05:34:25'),(96,28,61,'Consectetur quos quia reprehenderit nostrum quis maiores expedita nihil. Eum non modi aut. Sed sunt necessitatibus ipsum cum commodi porro fugiat.','1976-02-04 13:02:39'),(97,99,27,'In quia nobis soluta porro non qui officia esse. Et quod quia maxime magnam. Quibusdam ut deserunt quia error.','1973-03-08 11:45:46'),(98,87,73,'Maiores unde laborum in in et dolor. Laudantium voluptatem laudantium voluptas voluptate ut voluptate nisi est. Eos voluptates accusantium magni praesentium suscipit qui. Id modi dolorum qui ut. Voluptatem quo quia eius id.','2020-01-17 22:18:55'),(99,97,73,'Dolorem accusamus maiores quisquam inventore ut. Aut quis ab et rerum et ut explicabo. Commodi voluptatem beatae iure maxime officia et.','2006-02-14 18:46:13'),(100,9,64,'Molestiae dolorem eos sequi perspiciatis neque sed. Eius sed officiis non est vel. Ut sunt nemo accusamus aut. Qui id delectus et eligendi fuga praesentium.','2017-11-28 07:06:10');
/*!40000 ALTER TABLE `contagion_contact` ENABLE KEYS */;
UNLOCK TABLES;

--
-- Table structure for table `doctors`
--

DROP TABLE IF EXISTS `doctors`;
/*!40101 SET @saved_cs_client     = @@character_set_client */;
/*!40101 SET character_set_client = utf8 */;
CREATE TABLE `doctors` (
  `id` bigint(20) unsigned NOT NULL AUTO_INCREMENT,
  `user_id` bigint(20) unsigned NOT NULL,
  `doctor_type_id` bigint(20) unsigned DEFAULT NULL,
  `firstname` varchar(100) COLLATE utf8mb4_unicode_ci NOT NULL COMMENT '',
  `secondname` varchar(100) COLLATE utf8mb4_unicode_ci NOT NULL COMMENT '',
  `lastname` varchar(100) COLLATE utf8mb4_unicode_ci NOT NULL COMMENT '',
  `speciality` varchar(100) COLLATE utf8mb4_unicode_ci NOT NULL,
  `cabinet_number` bigint(20) unsigned DEFAULT NULL,
  PRIMARY KEY (`id`),
  KEY `user_id` (`user_id`),
  KEY `doctor_type_id` (`doctor_type_id`),
  CONSTRAINT `doctors_ibfk_1` FOREIGN KEY (`user_id`) REFERENCES `users` (`id`) ON DELETE CASCADE ON UPDATE CASCADE,
  CONSTRAINT `doctors_ibfk_2` FOREIGN KEY (`doctor_type_id`) REFERENCES `user_hospital` (`id`) ON DELETE SET NULL ON UPDATE CASCADE
) ENGINE=InnoDB AUTO_INCREMENT=31 DEFAULT CHARSET=utf8mb4 COLLATE=utf8mb4_unicode_ci;
/*!40101 SET character_set_client = @saved_cs_client */;

--
-- Dumping data for table `doctors`
--

LOCK TABLES `doctors` WRITE;
/*!40000 ALTER TABLE `doctors` DISABLE KEYS */;
INSERT INTO `doctors` VALUES (1,1,1,'Cathy','sit','Gutmann','',53),(2,2,2,'Junius','delectus','Wisoky','',3),(3,3,3,'Leonardo','repudiandae','Rice','',80),(4,4,4,'Beulah','alias','Lind','',33),(5,5,5,'Zelda','illum','Turcotte','',74),(6,6,6,'Lydia','nihil','Jenkins','',20),(7,7,7,'Cassandra','accusamus','Daugherty','',70),(8,8,8,'Halie','qui','McGlynn','',20),(9,9,9,'Marcelino','nihil','Hane','',86),(10,10,10,'Zion','aut','Hagenes','',97),(11,11,11,'Tre','et','McDermott','',20),(12,12,12,'Fae','vitae','Nikolaus','',54),(13,13,13,'Alyson','quas','Schimmel','',91),(14,14,14,'Gia','aut','McLaughlin','',59),(15,15,15,'Henderson','molestias','Walker','',54),(16,16,16,'Magdalena','ea','Dickinson','',10),(17,17,17,'Erika','libero','Satterfield','',6),(18,18,18,'Keara','voluptate','Bartell','',24),(19,19,19,'Rhoda','sunt','Blick','',21),(20,20,20,'Lou','illum','Hettinger','',28),(21,21,21,'Katrine','dolor','Toy','',23),(22,22,22,'Santiago','dolorum','O\'Conner','',46),(23,23,23,'Emily','eius','Willms','',38),(24,24,24,'Coralie','harum','Considine','',83),(25,25,25,'Erin','repellendus','Reichel','',99),(26,26,26,'Watson','ut','Will','',21),(27,27,27,'Anastacio','consequatur','Heller','',66),(28,28,28,'Destiney','eveniet','McCullough','',84),(29,29,29,'Sophie','harum','Lynch','',46),(30,30,30,'Jasmin','ipsam','Murphy','',16);
/*!40000 ALTER TABLE `doctors` ENABLE KEYS */;
UNLOCK TABLES;

--
-- Table structure for table `hiv_stage`
--

DROP TABLE IF EXISTS `hiv_stage`;
/*!40101 SET @saved_cs_client     = @@character_set_client */;
/*!40101 SET character_set_client = utf8 */;
CREATE TABLE `hiv_stage` (
  `id` bigint(20) unsigned NOT NULL AUTO_INCREMENT,
  `user_id` bigint(20) unsigned NOT NULL,
  `description` text COLLATE utf8mb4_unicode_ci DEFAULT NULL,
  `status` enum('acute HIV','chronic HIV','AIDS') COLLATE utf8mb4_unicode_ci DEFAULT NULL,
  PRIMARY KEY (`id`),
  KEY `hv_user_id` (`user_id`),
  CONSTRAINT `hv_user_id` FOREIGN KEY (`user_id`) REFERENCES `users` (`id`) ON DELETE CASCADE ON UPDATE CASCADE
) ENGINE=InnoDB AUTO_INCREMENT=101 DEFAULT CHARSET=utf8mb4 COLLATE=utf8mb4_unicode_ci;
/*!40101 SET character_set_client = @saved_cs_client */;

--
-- Dumping data for table `hiv_stage`
--

LOCK TABLES `hiv_stage` WRITE;
/*!40000 ALTER TABLE `hiv_stage` DISABLE KEYS */;
INSERT INTO `hiv_stage` VALUES (1,1,'Dignissimos sit repudiandae sunt fugiat. Molestiae ut officia fuga et. Provident voluptatem et qui impedit amet expedita. Inventore amet dolores eum consequatur dolores dolorum.','chronic HIV'),(2,2,'Delectus possimus nam occaecati voluptas sint. Libero vel rerum modi ex distinctio illum.','chronic HIV'),(3,3,'Iure dicta ducimus accusantium. Sit libero voluptas consequuntur odit. Eos consequatur vel odit distinctio non reiciendis tempore.','acute HIV'),(4,4,'Reiciendis expedita sapiente officiis minima officiis vel recusandae. Dolor molestiae qui rerum nulla eius. Ut enim quae at. Vero sed perspiciatis dolorum saepe nobis voluptatem officiis. Aut omnis id excepturi in animi dolorem nobis.','acute HIV'),(5,5,'Consectetur molestiae nesciunt suscipit ipsum minima reiciendis. Aut molestiae rerum aut fuga ea expedita. Amet ut vel consectetur eaque. Deleniti sit minima commodi omnis perspiciatis excepturi. Dolor quae eum quos hic quis et.','chronic HIV'),(6,6,'Ipsa repellendus fuga soluta et minima mollitia. Ut id beatae sit commodi. Accusamus ut sit ipsum harum reprehenderit iusto provident. Exercitationem et asperiores magnam quibusdam aspernatur laudantium.','acute HIV'),(7,7,'Esse nisi soluta dolores suscipit distinctio perspiciatis magni. Officiis et consequuntur consectetur voluptas corporis repudiandae et. Aut eius deleniti recusandae rem.','AIDS'),(8,8,'Itaque consequatur deleniti consequatur recusandae porro voluptatem eos facilis. Eveniet voluptatem dolore perspiciatis saepe odio odio. Sint quasi dolores enim doloribus id et voluptate. Laboriosam neque eligendi modi repellendus recusandae.','acute HIV'),(9,9,'Ut quod necessitatibus dolores voluptate nisi aut. Totam atque maiores exercitationem harum dolor. Placeat voluptatem quis optio.','AIDS'),(10,10,'Et ut occaecati adipisci a repellendus. Eum accusamus alias architecto est natus possimus. Est amet quia voluptas dolores quis sapiente. Deleniti sunt et nulla qui.','AIDS'),(11,11,'Est repellat et nihil. Dolorem tenetur maiores aut ex. Impedit cumque fugit cum ex iusto aut tenetur. Qui et ut expedita consequatur. Sunt laudantium et voluptas quia est voluptas officiis.','chronic HIV'),(12,12,'Eum alias fuga natus quisquam. Tempore veritatis dolorum eveniet consequatur consequuntur debitis vel. Minima veritatis id facere tenetur.','chronic HIV'),(13,13,'Consequuntur et rerum vel. Reiciendis qui magni aut porro molestiae. Odio libero et fuga quia temporibus. Voluptas ipsam eum ut ipsa aliquam molestiae.','acute HIV'),(14,14,'Optio dicta quasi repellat est eaque aut. Voluptate rem deserunt aut commodi eos cum vel. Quisquam blanditiis reiciendis voluptatem.','chronic HIV'),(15,15,'Laborum voluptas ad harum quas. Eius libero omnis autem eligendi culpa hic consequatur. Quis asperiores non unde aspernatur iure. Recusandae est modi nulla nemo sit. Voluptas similique harum aut tempora qui.','chronic HIV'),(16,16,'Minus cum possimus rerum et sunt distinctio rerum. Possimus quis iste commodi. Esse quibusdam molestiae esse eum ipsam adipisci ipsa. Et est veritatis neque quidem dignissimos totam.','chronic HIV'),(17,17,'In alias at voluptas debitis accusantium. Reprehenderit et porro quibusdam illum. Dolorum corrupti debitis ratione ipsam veritatis.','AIDS'),(18,18,'Sapiente assumenda quam dolorem consequatur saepe consectetur dolores corporis. Dolore veniam iusto non est aliquam debitis. Nemo consequatur et dolorem necessitatibus.','AIDS'),(19,19,'Accusamus voluptas modi nobis doloribus. Illo unde earum repellat veniam maxime consequatur. Iste consequuntur vitae iure et consequatur vero et libero.','acute HIV'),(20,20,'Voluptatibus excepturi quo ab et. Et vero rem veniam molestiae rerum minima laborum. Aut ut ad et. Veritatis enim facere eos dolores cum sint.','chronic HIV'),(21,21,'Nam dolorum deleniti praesentium dolorem aut et. Dolores perferendis culpa a vitae omnis culpa eius. Unde atque autem qui et enim deserunt quam.','acute HIV'),(22,22,'Itaque earum molestiae est sed est ea. Autem ut expedita adipisci eius ipsa. Nostrum alias eos illum tenetur qui et qui. Autem sed omnis unde accusantium provident sint possimus ea.','AIDS'),(23,23,'Eius dolores qui aliquid repellat animi et voluptas. Iusto quasi odit ut similique nostrum. Consequatur odit laboriosam maiores dolores sequi ut possimus. Suscipit perferendis facere repellendus dolor.','chronic HIV'),(24,24,'Nihil sit et repellat ut dignissimos. Non placeat non qui aut. Est illo occaecati aut doloribus ducimus. Sed debitis molestiae et at assumenda.','AIDS'),(25,25,'Sit consequatur vel ea expedita sunt eum. Sapiente nihil quos exercitationem vero repellendus. Enim qui eum quia tempora sed suscipit.','acute HIV'),(26,26,'Labore quis sit aperiam soluta totam. Qui fugit odit libero libero est repellendus quo. Et qui blanditiis suscipit est qui fugiat nemo.','AIDS'),(27,27,'Ducimus rerum corporis rem molestiae eos. Rem repellat adipisci iste aut voluptates iure ipsa. Enim quis accusantium ab et maxime accusamus a. Commodi qui molestiae id distinctio qui.','chronic HIV'),(28,28,'Temporibus ut dolorum omnis aperiam. Ab iste rerum sed omnis. Rerum vel est voluptas maxime.','acute HIV'),(29,29,'Enim expedita aut quod. Commodi vitae ipsum fugiat quia placeat hic eum. Reprehenderit consequatur nemo repellat veritatis vel natus. Maiores qui esse perspiciatis sunt quo sed et. Aut illum veniam rem est est sit.','acute HIV'),(30,30,'Officiis aut dolorem provident doloribus non accusantium. Quos quo eos nobis ab omnis in tenetur. Consequatur excepturi nemo neque culpa incidunt error. Provident dolorem asperiores dolores ex.','chronic HIV'),(31,31,'Eaque officiis nobis consequatur et quaerat. Soluta enim quis quis possimus ad quis in. Quia molestiae sit ab minus qui. Sint aut quasi consequatur.','acute HIV'),(32,32,'Porro reiciendis est sint nulla voluptatum. Dolorem ab eveniet iure fuga sit amet voluptatibus. Libero laudantium ipsum impedit dolores.','AIDS'),(33,33,'Dolorem qui numquam perferendis rerum rem dolor. Tempore quaerat est voluptas id. Provident distinctio explicabo quod itaque sint ut. Hic expedita et quae voluptatem. Laudantium corporis ut saepe et.','chronic HIV'),(34,34,'Ut velit est aut minus nisi id ut. Autem aliquam unde omnis. A ex debitis saepe autem suscipit repellendus at. Accusamus suscipit quis ratione perferendis quae eos. Non quo amet id illo eos distinctio.','AIDS'),(35,35,'Suscipit est ut vel. Consequatur et est voluptatibus itaque quia nesciunt corrupti. Eos ipsam quisquam ipsa consequatur officia autem. Delectus veniam provident aut assumenda.','chronic HIV'),(36,36,'Iste quis quo quo saepe culpa ullam. Nemo soluta doloremque exercitationem nesciunt rem molestiae provident. Distinctio rerum vero debitis eligendi accusantium. Tempora sint velit numquam dolor in.','chronic HIV'),(37,37,'Aut quidem culpa perspiciatis molestias qui dolor. Dolorem ut omnis et. Tempore dolorem illum unde numquam. Eligendi dignissimos autem inventore aut blanditiis voluptas ut.','chronic HIV'),(38,38,'Veniam vel totam non maiores et eos iure. Pariatur illo rerum rerum labore laborum aspernatur vel. Exercitationem aut hic pariatur qui cum. Est dolor illum deserunt officiis dolores aut.','acute HIV'),(39,39,'Illo quisquam fuga repellendus ipsam doloremque. Ipsum mollitia minima et dolore omnis. Voluptatem est quam minus velit minus quam.','chronic HIV'),(40,40,'Officia qui harum alias quia et molestiae assumenda deleniti. Libero nulla eaque in sed quo non hic ducimus. Et doloremque error dolor.','AIDS'),(41,41,'Sapiente rerum consequatur recusandae est voluptas voluptatem in. Qui repudiandae temporibus magnam. Cupiditate sunt quasi a optio et. Quia sit et ipsam eius ipsam.','chronic HIV'),(42,42,'Et cupiditate culpa facere quasi aspernatur. Corrupti molestiae asperiores perspiciatis omnis eius perspiciatis. Et itaque omnis quia rem quia nesciunt et eaque.','acute HIV'),(43,43,'Perferendis quidem est laboriosam consequatur. Eveniet enim nostrum corporis. Est et doloribus cupiditate est id eos. Ad voluptas molestiae perferendis blanditiis.','chronic HIV'),(44,44,'Quia a necessitatibus aut. Harum saepe quia at iste. Dolores commodi natus qui. Et aut odio praesentium voluptatibus debitis.','AIDS'),(45,45,'Saepe et nobis fuga quod. Quidem architecto odit voluptate et. Tempore velit aperiam fuga. Sit aut et repellat aliquid error modi commodi magni.','acute HIV'),(46,46,'Exercitationem aut aut enim molestiae. Pariatur ipsum distinctio dolor quae dolore. Et esse velit vitae. Aut in dolor earum eveniet maiores sapiente eum.','acute HIV'),(47,47,'Et fuga beatae minus ut vitae laboriosam consequatur et. Corrupti vel a vel quia consequatur repellat quia reprehenderit. Ut et autem tenetur autem.','AIDS'),(48,48,'Placeat earum quia ut est commodi qui iusto. Earum aut provident aut quisquam. Minus ut fuga iste eos. Et est voluptatum velit eius perspiciatis distinctio. Illo voluptatem asperiores doloribus facilis.','AIDS'),(49,49,'Aut voluptas quis laudantium quo beatae. Quia nobis fugit qui magni quos sint blanditiis. Sit eligendi nesciunt ut nobis. Dolorum vero consequatur vitae voluptatum consequatur dolorem commodi.','AIDS'),(50,50,'Est ullam eius doloremque quos totam pariatur ut voluptas. In facere accusantium ut omnis provident. Corrupti magni hic in voluptas quis.','AIDS'),(51,51,'Nam fuga corrupti vel ipsa praesentium. Necessitatibus fugit vel distinctio nisi tenetur harum. Saepe eaque consequuntur qui est porro et error. Ut ratione temporibus esse soluta saepe.','acute HIV'),(52,52,'Perferendis doloremque et recusandae et. Dolore qui voluptatem voluptas omnis iste id vel. Nesciunt quia id explicabo rerum non et.','chronic HIV'),(53,53,'Officiis porro asperiores rem perspiciatis rem cupiditate. Non qui at nam expedita eum alias dicta ut. Veritatis voluptatum in voluptatem possimus.','chronic HIV'),(54,54,'Optio exercitationem et alias rerum. Animi tempora quia et incidunt est error ut. Maiores totam ab amet accusantium et. Id labore quae voluptas non enim commodi.','acute HIV'),(55,55,'Cum similique blanditiis veniam. Amet nobis sequi blanditiis. Dicta optio perspiciatis quas ex omnis aliquam distinctio. Aut possimus odio fugiat quo nam quibusdam.','chronic HIV'),(56,56,'Quae qui excepturi omnis a et nihil perspiciatis. Et aut quia quis quia sit fuga autem maiores. Adipisci pariatur officia quia ut ipsa. Et ut nesciunt iste quis.','chronic HIV'),(57,57,'Occaecati dicta sed est aliquid. Minus minima pariatur consequatur dolor nesciunt ut. Sapiente voluptatem magni harum dolores reprehenderit. Hic quidem quis dolores quis autem est.','acute HIV'),(58,58,'Velit quidem placeat vel. Et maxime sed porro eos ipsa recusandae corporis. Aliquid eligendi autem et iusto praesentium officiis sint.','AIDS'),(59,59,'Dicta cum illo dolor cum tempore dignissimos odit. Repellendus rerum eligendi deserunt sit voluptatem laudantium quo optio. Dolore hic molestias ad non aperiam est. Repellendus repudiandae quis ut animi vel et labore.','AIDS'),(60,60,'Amet hic animi neque quibusdam esse amet id. Dolorem quisquam quia iste iure. Libero voluptatem accusamus consequatur. Explicabo quibusdam dolor nihil sed.','acute HIV'),(61,61,'Assumenda non sed quae sit est. Ut autem unde id tempore error quidem et. Accusamus dolore consectetur excepturi nulla temporibus deserunt.','acute HIV'),(62,62,'Sint illo perspiciatis cupiditate et maxime tenetur. Quasi cumque ullam delectus tempora. Reiciendis unde officia voluptatem voluptatem animi accusantium.','AIDS'),(63,63,'Quis consequatur dolores minus ducimus. Provident quis officia sit est dolorem aut. Dolores est quia molestiae voluptates et sit. Nihil et quisquam impedit. Minus voluptatem aspernatur dolore sed consequatur aut voluptate.','AIDS'),(64,64,'Minima excepturi quibusdam animi et repudiandae et. Id itaque quo ullam voluptatem ab iusto quidem dolorum. Pariatur blanditiis voluptas rem consequatur sint rerum. Quo iure at voluptatem ut enim architecto quia.','chronic HIV'),(65,65,'Repudiandae voluptatum odit dolor quia accusamus et. Molestiae est quia illo asperiores. Dicta et fugiat quibusdam a voluptatem necessitatibus. Ab ut libero totam at. Eos enim cum voluptatem quas temporibus neque qui.','acute HIV'),(66,66,'Dignissimos qui id impedit sit. Aliquid nulla et quam facilis dolorem sed. Quibusdam quae tempore illo quia omnis necessitatibus blanditiis. Consequatur officia laudantium vero.','acute HIV'),(67,67,'Quo pariatur voluptatibus voluptatem ut officia. Officiis iste odit nam. Ab laboriosam debitis aut tempore. Perspiciatis numquam in et deleniti nostrum impedit.','acute HIV'),(68,68,'Ad molestiae et expedita similique eum sequi et. Consequuntur ducimus sunt eaque laudantium perferendis ex non. Sit voluptatibus ut vel iure. Quia incidunt cumque similique voluptatem.','chronic HIV'),(69,69,'Praesentium omnis recusandae ipsum. Consequuntur facere dicta eos autem ut aspernatur dolores. Sit voluptates atque consequuntur quis.','acute HIV'),(70,70,'Vitae cumque tempora soluta beatae. Dolores magni et laborum est odio et et. Illum quisquam at eius veritatis autem accusantium. Sunt sint a libero odit et.','acute HIV'),(71,71,'Aut et labore ut debitis cupiditate perferendis cumque. Dolor est sed est voluptatum commodi eveniet et. Necessitatibus a expedita ea alias excepturi voluptas. Ut possimus nihil sit reiciendis magnam nisi quia.','acute HIV'),(72,72,'Voluptatem ipsa omnis ipsam assumenda. Molestiae itaque enim dolor saepe et est esse sit. Ea voluptas esse itaque.','AIDS'),(73,73,'Quasi incidunt veniam id sit vel explicabo. Est non voluptatem enim voluptatem ipsum architecto. Aut eos sed aut eum ad accusantium est dolores.','chronic HIV'),(74,74,'Rem repudiandae est eius id voluptates fuga. Qui rerum dicta ex fuga occaecati vitae omnis. Quam rem aut voluptatibus ut voluptatum ut. Qui aut sed dolorem.','acute HIV'),(75,75,'Nesciunt est quia nisi est et. Vel sunt voluptas voluptas nemo assumenda molestias. Vel earum rerum possimus magnam. Atque deleniti quidem ex est autem consequuntur.','chronic HIV'),(76,76,'Expedita amet dolorum ipsum voluptas. A est doloremque sed et. Est inventore sed eligendi velit omnis placeat quos.','acute HIV'),(77,77,'Magni sed eaque aut repellendus mollitia. Minus eum aut perferendis. Ipsum ut aut est accusamus et quia sequi consequatur.','chronic HIV'),(78,78,'Officiis magnam eum modi esse vero unde voluptas. Eius ab sit temporibus eligendi. Non ut doloremque fugit repellendus quia. Quas aut iure autem qui aperiam.','chronic HIV'),(79,79,'Ad ipsam saepe vero sunt voluptas. Et quas natus deleniti deleniti voluptatem autem doloribus architecto. Provident perferendis amet eius rerum. Excepturi architecto quibusdam voluptates eos quo. Quos inventore et eos.','AIDS'),(80,80,'Veritatis et nam in quos ut provident at omnis. Nesciunt qui et nobis ea et quasi. Quaerat reiciendis voluptatem ab.','acute HIV'),(81,81,'Cumque ipsum deserunt vero nulla dolores alias. Fuga qui est impedit qui illum non. Eligendi sed voluptas dolore eum officia officia a illum. Omnis vero ducimus dolores ipsa voluptate.','AIDS'),(82,82,'Quo laboriosam voluptatum assumenda aut dolores. Alias rerum quidem ipsa doloribus fugit in fugit. Reiciendis reiciendis incidunt consectetur eveniet saepe deserunt sequi.','AIDS'),(83,83,'Blanditiis commodi reiciendis odio cumque. Repellendus laboriosam voluptas suscipit laboriosam debitis cumque. Autem eveniet libero est pariatur velit nemo. Consectetur voluptatibus et labore in autem praesentium.','AIDS'),(84,84,'Excepturi explicabo aut rerum ratione. Explicabo eos sunt ipsa sequi sed magni. Dolor repellendus et aut a enim. Debitis eos possimus sit alias.','chronic HIV'),(85,85,'Et vero consequuntur fugiat iste sint. Est ut dolorum animi pariatur quae. Quisquam dolore quia voluptatem odio dolor libero. Excepturi dolorem ducimus vitae aspernatur blanditiis distinctio itaque.','chronic HIV'),(86,86,'Doloribus occaecati hic ut esse. Explicabo alias praesentium quaerat autem accusamus qui. In architecto ullam occaecati aperiam ut qui odit. Est officia animi quas ratione aut nulla sed.','AIDS'),(87,87,'Nihil pariatur debitis accusantium quaerat eos sed dignissimos velit. Aut quaerat distinctio eos laudantium eum et quia.','chronic HIV'),(88,88,'Doloremque molestiae et quibusdam delectus accusantium vitae. Quo aut voluptas omnis delectus vero et. Consequatur quis quos amet.','acute HIV'),(89,89,'Sed voluptatem illum deleniti iure. Aut nemo aut beatae illo aut ut. Dolor sunt nobis ut vitae provident aut.','AIDS'),(90,90,'Qui voluptas veniam voluptates adipisci natus sit perspiciatis. Quo tenetur maxime voluptatum perferendis incidunt voluptatem voluptatem. Vel eum rerum amet ut iure quisquam.','AIDS'),(91,91,'Reprehenderit dolor ex aut provident quae dolores tempore. Officia autem repudiandae nobis voluptas quam. Rem et et quidem accusamus. Sit ab repudiandae quia aut.','AIDS'),(92,92,'Illo quis iusto vel odio qui optio nostrum eligendi. Voluptatum quos ut minima veritatis veniam. Rerum facere in vel quis animi.','acute HIV'),(93,93,'Cum fugit eius enim. In qui vel esse magni fugit culpa officia. Totam dolorum tempore autem et quis facere temporibus. Distinctio enim animi eligendi aliquam.','chronic HIV'),(94,94,'Ipsam rem tempora aut est. Magni omnis odit doloremque quia ratione soluta. Et iusto sunt aperiam asperiores modi sit.','chronic HIV'),(95,95,'Nulla eos omnis ut. Omnis blanditiis aspernatur est. Cum odit est perspiciatis odio adipisci velit aut. Distinctio sint eligendi rerum quia consequuntur praesentium.','AIDS'),(96,96,'Provident voluptatem autem vero quo sit facilis. Ex tempora assumenda quidem consequuntur. Harum recusandae numquam nostrum numquam modi architecto inventore. Dolores laudantium doloribus vel eos.','acute HIV'),(97,97,'Deleniti veniam iure id ut. Est consectetur suscipit incidunt rerum commodi qui sed.','chronic HIV'),(98,98,'Ea id deleniti placeat. At laboriosam recusandae eos aut magni ut neque. Excepturi aut cum a aliquid inventore necessitatibus dolorum.','AIDS'),(99,99,'Amet quia repellat error cupiditate libero. Rerum temporibus omnis est accusantium. Asperiores eveniet vero quisquam non repellendus qui. Veniam provident eaque recusandae.','AIDS'),(100,100,'Molestiae earum quaerat eos nam est. Est repellendus pariatur libero commodi eos. Accusamus vel necessitatibus tempora impedit facilis esse. Voluptatum autem odio ut rerum et dolor incidunt. Dolores et a dolor fugit impedit veniam.','acute HIV');
/*!40000 ALTER TABLE `hiv_stage` ENABLE KEYS */;
UNLOCK TABLES;

--
-- Table structure for table `hospitals`
--

DROP TABLE IF EXISTS `hospitals`;
/*!40101 SET @saved_cs_client     = @@character_set_client */;
/*!40101 SET character_set_client = utf8 */;
CREATE TABLE `hospitals` (
  `id` bigint(20) unsigned NOT NULL AUTO_INCREMENT,
  `name` varchar(150) COLLATE utf8mb4_unicode_ci DEFAULT NULL,
  `body` text COLLATE utf8mb4_unicode_ci DEFAULT NULL,
  PRIMARY KEY (`id`)
) ENGINE=InnoDB AUTO_INCREMENT=101 DEFAULT CHARSET=utf8mb4 COLLATE=utf8mb4_unicode_ci;
/*!40101 SET character_set_client = @saved_cs_client */;

--
-- Dumping data for table `hospitals`
--

LOCK TABLES `hospitals` WRITE;
/*!40000 ALTER TABLE `hospitals` DISABLE KEYS */;
INSERT INTO `hospitals` VALUES (1,'sapiente','Tempore repellat ea sequi est velit dolorem et. A corrupti similique delectus fugiat consectetur harum quas. Aspernatur vitae dolore provident veniam aut minus itaque.'),(2,'repellendus','Placeat inventore vitae aut rerum tempore. Explicabo sint laborum eligendi voluptate quae. Modi dolor aperiam exercitationem doloremque. Ad ratione delectus cum odit at sint reiciendis. Qui eos voluptas laborum et et.'),(3,'dolorum','Voluptas voluptatibus pariatur impedit enim eaque et. Quo voluptates omnis eveniet ut nostrum debitis. Quae molestias ut quia omnis fugiat est quia. Unde illo voluptatem alias laudantium non tempore. Assumenda qui voluptas qui et enim.'),(4,'aut','Consequuntur ratione et illo corrupti voluptatem. Animi distinctio dolorem voluptate sunt quod doloremque omnis dolores. Tempora quo alias officia delectus sunt. Sequi in harum voluptatem minus voluptatem quisquam aut.'),(5,'omnis','Ratione explicabo vel et autem quisquam explicabo saepe. Eos ab enim tenetur omnis. Provident repudiandae consequuntur voluptate in non maxime vero velit.'),(6,'in','Dolor voluptates libero ut non necessitatibus. Blanditiis qui voluptas eum numquam veritatis rerum et. Quia et voluptatum ab deserunt. Iure ad est eos nostrum.'),(7,'amet','At doloremque quod autem expedita. Quia ut iure temporibus omnis. Dolorum debitis voluptatem aut eum quas commodi. Voluptate quo voluptatem omnis dolorem.'),(8,'sed','Quia non quae omnis assumenda asperiores accusamus soluta. Porro voluptates eveniet sed dignissimos. Et beatae in omnis quas ab. Molestias ab voluptas corporis cumque.'),(9,'a','Cupiditate aut unde quae id ducimus. Maiores sed ut consequatur quidem officiis non.'),(10,'excepturi','Omnis sit impedit quis est et. Aut recusandae illo excepturi nesciunt est tenetur eos. Vel iste consectetur laborum quasi ut exercitationem exercitationem pariatur. Sit consequatur voluptate laboriosam.'),(11,'repellendus','Modi laborum totam sed deleniti at aliquam et. Recusandae voluptas quam corporis temporibus doloribus. Suscipit quia sed et placeat velit dolorem. Culpa et aspernatur sit est incidunt et.'),(12,'et','Qui inventore suscipit autem cumque illum asperiores in quis. Pariatur mollitia nam qui quasi exercitationem impedit. Doloribus quis sunt doloremque. Ut et omnis a voluptate est.'),(13,'non','Nesciunt est aut aut deserunt nostrum. Hic voluptatibus laborum cumque quas minus odit libero. Vitae soluta praesentium assumenda enim veniam architecto. Laudantium ut vero a ut deserunt.'),(14,'alias','Et minus quos rerum. In consequuntur quis eos quo. Dolor perferendis sit nisi qui sunt.'),(15,'beatae','Blanditiis iste iusto dolorum hic aut accusamus. Rerum rerum velit omnis beatae. Quia quo repellendus voluptates esse est quia.'),(16,'at','Adipisci porro optio nobis voluptatibus. Repellendus sed laboriosam doloribus adipisci minima velit dignissimos est.'),(17,'quasi','Voluptas eos quia odio magni et qui nihil. Qui illum dolorum occaecati ea culpa. Aliquam qui repellat provident doloremque natus deserunt.'),(18,'fuga','Recusandae maiores atque consequatur excepturi voluptatem. Excepturi aut et eius et. Eius et iusto aut omnis voluptates exercitationem maiores. Ut dolorem id sequi incidunt eius odit commodi.'),(19,'provident','Beatae sed ipsam labore ullam sequi eos nulla sunt. Fuga fugiat deleniti nobis dolorem aliquid placeat omnis. Cum qui culpa animi consequatur debitis aperiam id. Rem natus explicabo inventore odit.'),(20,'dicta','Ea molestiae commodi vel eveniet natus fugiat veritatis. Sapiente quo est quod non maiores cumque. Deleniti corrupti eos consectetur rerum reprehenderit blanditiis.'),(21,'voluptatem','Sapiente consequatur qui recusandae inventore eum. Labore corrupti doloribus enim laborum. Omnis quia et officiis exercitationem et. Laboriosam aut rerum aliquam facilis officiis asperiores ut amet.'),(22,'eaque','Occaecati cumque inventore quod magni id. Consequatur quo omnis id voluptatem et sapiente. Voluptatem iste qui veritatis.'),(23,'nemo','Recusandae fugiat ex vel eum impedit veritatis omnis. Nam unde sed enim consequatur non voluptatem distinctio qui. Expedita nesciunt est veniam. Amet inventore eligendi eum optio eius suscipit.'),(24,'est','Ab possimus quia enim soluta. Voluptatibus voluptate ut hic. Rem qui asperiores voluptatem aliquid qui.'),(25,'iste','Doloremque laborum nihil et sint. Odio ut incidunt aut quas laboriosam.'),(26,'dignissimos','Sit dolorem sapiente a sed reprehenderit et odit natus. Non cupiditate reprehenderit modi dolorem. Omnis totam in quaerat ipsam. Iure quisquam vel officiis.'),(27,'rerum','Ea id sed ut laudantium. Vel iusto voluptatum accusamus nobis. Iusto numquam eum iste velit qui quis quidem et. Et sunt eum minima neque pariatur quia vel.'),(28,'possimus','Aliquam nam harum dolorem. Laboriosam officiis sunt ut soluta eligendi.'),(29,'explicabo','Unde hic et nisi qui et. Iste molestias placeat inventore. Ullam aut ducimus ea non fugit voluptatem. Fuga ut labore numquam soluta velit quidem.'),(30,'est','Repellat similique sint molestiae provident nemo. Et quis et consequuntur eum. Ipsa omnis occaecati nulla aut reiciendis officiis. Praesentium omnis voluptate deserunt.'),(31,'eum','Dignissimos repellendus consequatur autem nobis. Delectus non modi eos quae velit ipsum similique recusandae. Voluptatem reiciendis facilis accusamus beatae eos suscipit.'),(32,'fuga','Qui aut possimus magni sunt velit incidunt. Quia cupiditate est et est suscipit. Quo consectetur delectus adipisci quidem facere nemo.'),(33,'esse','Omnis ea fugit error in. Ex beatae autem soluta debitis qui sunt. Quo quia temporibus saepe a. Voluptatem magni quasi sapiente ea.'),(34,'autem','Dolorum eum laudantium magni eaque distinctio earum perspiciatis ipsa. Minima quaerat voluptates cupiditate atque et aspernatur.'),(35,'iusto','Dolore ipsum omnis sint porro. Possimus sapiente et non commodi. Impedit nisi cupiditate maiores ipsam reiciendis nisi error.'),(36,'quia','Minima distinctio ut quod. Similique tenetur ut temporibus consectetur eveniet officia. Et voluptas sint quis pariatur est enim at. Reprehenderit recusandae quo iste.'),(37,'in','Molestiae voluptatem quisquam cum ex excepturi non aut. Quo qui est harum officia autem. Quasi aliquam officiis quis quae sapiente nihil. Iure consequatur voluptate omnis in hic.'),(38,'aut','Explicabo mollitia repellat consequatur deserunt odio vel sint. Nemo ullam mollitia unde aut quae. Eum minus debitis voluptate quo. Eum illum ex recusandae hic et.'),(39,'possimus','Aperiam numquam aut accusantium alias corrupti ullam molestias. Pariatur sit modi laborum dignissimos error ut. Corrupti sit sapiente provident maxime reprehenderit placeat id.'),(40,'earum','Qui doloremque suscipit eos molestiae facere cupiditate nam. Et qui ipsa voluptatum molestias. Voluptate qui assumenda qui maiores quasi.'),(41,'alias','Est quam mollitia id ut quam aperiam. Doloribus ut ut eius ipsum iste accusantium delectus. Modi maxime et aut recusandae.'),(42,'fugit','Animi esse reiciendis qui. Non ad corporis hic aut voluptas voluptatem exercitationem. Facilis in et nemo ex veniam voluptates accusantium. Quo non nemo mollitia et ad sit.'),(43,'sit','Voluptas ipsum tenetur qui corrupti. Non nam omnis dolorum molestiae. Officiis sint vero voluptates vel.'),(44,'quidem','A minus quas ipsa recusandae voluptate accusamus. Tenetur error repellendus veritatis ipsa. Fuga sed qui atque reiciendis. Quo illo et aut.'),(45,'occaecati','Aut fuga molestiae ullam distinctio reiciendis. Iusto impedit et laborum corrupti qui voluptas. Nostrum enim voluptatem sint aut. Enim autem nesciunt cum ab.'),(46,'est','Exercitationem eius nesciunt cupiditate eveniet et at quia. Est tempora qui placeat iusto voluptatem eum. Non quia id voluptas dolor dolores.'),(47,'et','Minima tempora aut earum illum nam. Non praesentium iusto est possimus rerum. Ea et quidem quis voluptatem expedita veniam at ut.'),(48,'fugiat','Sequi atque ut tempora. Maxime tempore repudiandae aut rerum consequatur et beatae. Sed placeat eum voluptatem rerum libero fuga voluptas. Laudantium necessitatibus nam omnis quaerat. Et voluptas et eligendi distinctio necessitatibus in quibusdam.'),(49,'modi','Numquam veniam voluptate unde. Esse omnis rerum eius culpa. Itaque sit aut voluptatem debitis vel.'),(50,'qui','Eum expedita voluptate sint porro dolorem. Nisi accusamus exercitationem qui molestiae nisi. Ut tempora velit maxime ab reiciendis velit. Ipsam voluptas eveniet consequuntur nobis in sed in.'),(51,'ut','Voluptas odio animi nihil et tempore ut ut. Quas at veniam laudantium iure aut molestiae. Corporis illo et error maxime sed quia nihil.'),(52,'perspiciatis','Voluptatem rem consectetur quo provident aut impedit tempore. Eos incidunt sunt quis et. Voluptatibus quis libero pariatur asperiores.'),(53,'dolor','Totam ut est id modi laboriosam perferendis. Provident voluptatem ea aperiam voluptatum totam. Sed commodi mollitia non aspernatur debitis nam.'),(54,'voluptas','Reiciendis nostrum rerum sapiente. Est aut harum consequatur sequi exercitationem fugit quidem. Qui dolores delectus est sunt dolorem voluptatem occaecati a.'),(55,'exercitationem','Alias molestiae hic occaecati fugit. Et libero nam dolor eum dolor illum fugit.'),(56,'quos','Aut alias non praesentium possimus et facere. Voluptatem in facilis quis dolor facere. Similique voluptatem officiis sunt aspernatur et.'),(57,'explicabo','Animi quo mollitia temporibus reprehenderit iure at. Cupiditate fugiat corrupti provident alias impedit adipisci fuga. Maxime corporis voluptas vel quo laborum. Aut distinctio autem et omnis.'),(58,'optio','Consectetur id et reiciendis quo qui. Est assumenda repudiandae repellat repellendus veniam et. Iste sunt repudiandae nulla dolores nobis et. Libero optio eveniet fugit voluptatibus rem voluptatem.'),(59,'ut','Repellendus mollitia quo repellat mollitia dolorum possimus voluptatem. Sed et explicabo et consequuntur. Vel enim aut facere saepe voluptas dolor nihil saepe.'),(60,'facilis','Vero quis incidunt maiores dolor ab hic ut. Nihil qui maxime et voluptates aut ipsum. Dolorem deserunt quia quisquam corporis porro ut et.'),(61,'praesentium','Accusamus ex sit minima cupiditate aut quo. Et iure impedit sit. Eius omnis et repellat voluptas aut eum autem. Et quae qui rerum sed.'),(62,'consequatur','Quidem unde qui eius et alias quas. Officiis illum est iste blanditiis autem earum. Sed harum expedita voluptate iste provident ut nam. Et alias fuga omnis deserunt blanditiis.'),(63,'voluptatem','Nihil eius architecto minima et cum beatae. Magni rem non aspernatur.'),(64,'porro','Id consequatur voluptas doloribus tempore aut excepturi. Vero ea quibusdam consequatur error. Voluptate animi eligendi ut. Mollitia voluptates atque vitae.'),(65,'ex','Qui et assumenda repellendus ipsa et velit. Illo est maiores ea perspiciatis labore consectetur qui. Dolor pariatur pariatur et in magni.'),(66,'quia','Saepe eius molestiae aspernatur exercitationem. Recusandae esse molestias exercitationem beatae ut. Sed est soluta exercitationem ut ut eos voluptatum. Vel odio quis asperiores mollitia voluptas et et. Est voluptatem neque omnis eum.'),(67,'expedita','Vel quam maiores et sed dolores sed id. Dolorem quibusdam ab non corporis voluptatem quo sed dignissimos. In libero rerum asperiores voluptatibus quia exercitationem in.'),(68,'sapiente','Veniam autem similique sit et aspernatur. Quibusdam et rem voluptatem recusandae quae dicta consequatur impedit. Qui autem voluptatum esse totam.'),(69,'aperiam','Voluptates cumque non ut. Voluptate aut beatae et et. Voluptatum et facilis quia qui enim voluptatem. Incidunt ea rem minus rerum.'),(70,'a','Aliquam temporibus nostrum tempora a facilis non. Omnis dolores odio nulla quas odit rerum ut. Qui at cum temporibus non minima molestiae. Voluptatem quis alias nihil officia omnis cupiditate voluptatem. Voluptatem voluptatem consequatur distinctio sit sit quia dolores.'),(71,'enim','Omnis nobis qui optio neque porro quia. Nihil repellat dolorem sequi non. Magni magnam quidem nobis voluptatem accusamus.'),(72,'enim','Est eum dolorum ut aperiam vel molestias labore. Qui rerum voluptatum praesentium laudantium saepe quod atque. Et sed sit natus totam quia.'),(73,'nemo','Culpa eaque provident sint sit dolorem quod ut. Voluptatem sunt repellendus libero voluptatum. Officia dolores vel sit sint ad modi est. Corrupti alias optio dolorem sequi amet.'),(74,'doloribus','Molestiae inventore autem occaecati vitae. Sed voluptatem eos eum quam perferendis deleniti magnam. Non quo qui qui fugiat.'),(75,'numquam','Dolor est aut nulla sequi animi aliquam sunt. Alias dolorem ad quia magnam. Dolorem qui eum reprehenderit voluptatum quod. Eos voluptatem quos architecto odit fuga delectus.'),(76,'id','Cumque voluptate earum quasi. Necessitatibus tempora magni voluptatem. Fugit omnis et quaerat voluptas.'),(77,'quo','Quaerat asperiores et ad sunt natus. Ut optio adipisci temporibus quasi.'),(78,'placeat','Ut dolore odit molestiae aut suscipit reiciendis nemo. Ut autem molestias pariatur quia provident alias consequuntur. Maiores voluptatibus voluptate explicabo consequuntur rem. Omnis quis quas sed dolorem veritatis nulla quia. Ut cum ut velit et impedit earum.'),(79,'unde','Dignissimos facilis praesentium nobis id. Accusantium vitae maiores iure sed.'),(80,'eum','Repudiandae officiis eos eum omnis quia dolor. Nesciunt alias ad enim velit laudantium. Dolores consectetur vitae rerum accusantium nisi dolorem ipsa deleniti.'),(81,'commodi','Voluptas ullam sit iure consectetur itaque iste nemo. Minima magnam illum perspiciatis quia. Et perspiciatis quo voluptas ut ut hic. Tenetur alias quam at itaque eius.'),(82,'dignissimos','Quo qui illum quis laborum reiciendis. Consectetur est quisquam pariatur odio accusamus ullam quae. Quia id ad quae veniam doloribus distinctio provident ipsam.'),(83,'atque','Iure quae sunt ut in ipsam possimus minus. Eum quia voluptas molestiae eos sunt. Et illo ut dolore qui est ratione dicta.'),(84,'ut','Enim ut voluptas quibusdam ut recusandae dignissimos. Itaque cupiditate molestiae velit est vel. Quasi distinctio magni qui sapiente praesentium cumque.'),(85,'repellat','Illo distinctio vel ut dolor non beatae. Placeat error deleniti voluptas eos est hic placeat. Culpa quos magni est debitis quas et blanditiis consectetur. Expedita est quidem quis impedit iste.'),(86,'unde','Nobis possimus eum error ipsam sunt quaerat molestias dolorem. Sed molestiae est qui in. Non odio totam occaecati velit voluptatum.'),(87,'sunt','Est voluptatem minus qui et non laboriosam voluptatibus et. Distinctio at amet harum voluptatem quibusdam reprehenderit. Magni debitis illo aliquid ut animi eius. Dolores in doloribus maxime fugit nam.'),(88,'magnam','Voluptatem quo est veritatis quidem eos nesciunt. Recusandae et beatae asperiores facere tempore dolores. Eum praesentium saepe reprehenderit quibusdam velit unde error repellendus. Cumque quod et quisquam dignissimos nobis voluptatem eaque.'),(89,'omnis','Quo enim facilis impedit perferendis. Cupiditate porro quis est eaque fuga consectetur vel voluptate. Aut nobis consectetur ad esse doloremque cumque consequatur nemo. Amet et natus ex illum.'),(90,'consequatur','Quo quisquam neque dolorem sint. Unde reiciendis corrupti sit. Aut fugit in impedit cupiditate. Beatae harum velit et ab et.'),(91,'quas','Qui voluptates vel repellendus rerum rerum. Delectus harum eum cumque. Sint excepturi quia neque a. Optio voluptatum facilis est dignissimos porro.'),(92,'est','Amet modi et dolore voluptate. Expedita rerum suscipit non sit iure voluptas. Quis sint perferendis ab rerum quo debitis minima. Animi aut voluptatem culpa itaque ut.'),(93,'veniam','Delectus in sequi dolor repellendus dolor sit inventore sequi. Excepturi sed magnam et quae aut. Fugit veniam aut autem facilis consectetur earum distinctio.'),(94,'qui','Temporibus ullam aut excepturi omnis blanditiis rerum. Quia officia nesciunt corrupti nobis sit.'),(95,'odio','Numquam qui provident odio labore est nam. Dolor non nobis qui voluptates officia a. Voluptas non voluptatem sint non odit et.'),(96,'ratione','Reprehenderit eaque est est voluptatem modi excepturi omnis tempora. Ipsa repudiandae ad rerum. Rerum voluptas neque quia eius quia possimus vero. Assumenda eos est minima illo repellat nemo.'),(97,'dicta','Vel fugit doloribus laborum voluptatibus minus. Excepturi error reprehenderit soluta doloremque. Nihil in officiis animi sint fugiat similique. Nulla repellat rem quos sint ut quo. Et pariatur dolore error assumenda occaecati cumque odio.'),(98,'eum','Rerum velit quia iste cupiditate ea vitae cum. Iusto impedit accusantium et hic voluptas magni. A ut reiciendis qui autem sint perferendis nihil beatae.'),(99,'reiciendis','Neque quia rerum reprehenderit. Dolorum non laboriosam placeat a. Distinctio et omnis a pariatur quos est. Aspernatur est totam et.'),(100,'perspiciatis','Sint eos quia qui rem dicta. Sed totam aliquid quasi velit voluptas eius sapiente amet. Dicta hic est id suscipit ullam et. Eius consequuntur itaque ducimus iure sint rerum laudantium.');
/*!40000 ALTER TABLE `hospitals` ENABLE KEYS */;
UNLOCK TABLES;

--
-- Table structure for table `medicines`
--

DROP TABLE IF EXISTS `medicines`;
/*!40101 SET @saved_cs_client     = @@character_set_client */;
/*!40101 SET character_set_client = utf8 */;
CREATE TABLE `medicines` (
  `id` bigint(20) unsigned NOT NULL AUTO_INCREMENT,
  `name` varchar(150) COLLATE utf8mb4_unicode_ci DEFAULT NULL,
  `body` text COLLATE utf8mb4_unicode_ci DEFAULT NULL,
  PRIMARY KEY (`id`)
) ENGINE=InnoDB AUTO_INCREMENT=31 DEFAULT CHARSET=utf8mb4 COLLATE=utf8mb4_unicode_ci;
/*!40101 SET character_set_client = @saved_cs_client */;

--
-- Dumping data for table `medicines`
--

LOCK TABLES `medicines` WRITE;
/*!40000 ALTER TABLE `medicines` DISABLE KEYS */;
INSERT INTO `medicines` VALUES (1,'zze','Dolores odio at aliquid iste consequatur. Consequatur est labore officiis consequatur. Quisquam voluptatem pariatur quos.'),(2,'tnu','Suscipit est ut saepe minus facere qui illo. Molestias labore magni cum est. Dolore et laborum molestias sunt explicabo.'),(3,'xxj','Possimus magni deleniti qui blanditiis rem beatae nobis. Distinctio est non est magnam error. Et dicta et vitae eligendi labore. Quasi non dolorem perspiciatis.'),(4,'npp','Non omnis sequi ullam est error. Eligendi est exercitationem animi odit nam. Sunt consequatur aliquid et amet minus.'),(5,'nln','Sint unde sapiente excepturi quam tempore error earum magnam. Et atque rerum non fuga eaque et qui. Est ut assumenda dolorem magni. Quo dolores corrupti tempore recusandae.'),(6,'pwq','Sit rerum officia distinctio. Voluptatem modi sapiente eaque suscipit.'),(7,'rxq','Aut odio eum reprehenderit ut et laborum. Dolor distinctio sunt possimus aliquid fugiat. Vel soluta sint temporibus.'),(8,'evd','Reiciendis animi et officia id voluptate tempore et qui. Ut hic est sequi officia sequi eos blanditiis. Fuga voluptatem error voluptas nulla repudiandae aut tempore quo.'),(9,'dpv','Officia fugit est dolor quae. Ea provident architecto et explicabo sapiente delectus labore excepturi.'),(10,'zob','Sed et voluptatum amet perspiciatis velit. Repellat fugiat quo est tempore quaerat amet. In minus quis a dolores.'),(11,'ztk','Non at ab omnis ipsum est. Mollitia modi officia fugiat vel aspernatur. Quo voluptatibus est eum sed ut molestiae numquam. Optio ducimus aut debitis eius itaque.'),(12,'pxo','Consequatur dignissimos repellendus ratione et deleniti molestiae repellat. Et ratione deserunt aperiam. Magni voluptates inventore nesciunt aliquam repellat reprehenderit eum repudiandae.'),(13,'wiu','Nam numquam harum rerum provident nesciunt at dolorem. Voluptates cupiditate dignissimos et et minima mollitia ut. Aut sunt unde dolore blanditiis ex nihil quia est.'),(14,'zbs','At pariatur esse ut. Dicta reprehenderit nulla in. Non maiores possimus maiores autem sunt. Fugiat eum natus provident aut ipsam beatae recusandae.'),(15,'mih','Voluptates et assumenda aut ab voluptatem iure et. Expedita ullam in fugiat rerum inventore ullam atque. Perspiciatis nesciunt numquam illo hic.'),(16,'zuh','Inventore eligendi ea nihil fugit maiores. Qui aut nam illo quas autem dolor non et. Et consectetur placeat ut consequatur. Officia temporibus odio porro magnam fugit asperiores officia provident.'),(17,'myq','Eum dolor ut itaque qui ut error libero. Voluptatibus totam quaerat dolor tempore quo. Provident ullam aperiam enim neque. Commodi ducimus accusamus et similique aut impedit.'),(18,'zls','Velit possimus quo qui commodi dignissimos consequatur. Qui sit ut vel dolore quisquam ea magni molestiae. Mollitia ut quidem praesentium sit.'),(19,'mme','Consequatur ut ea amet voluptatem. Magni excepturi sint rerum commodi animi. Nostrum doloremque et sint maxime reiciendis. Eveniet corporis tempora est et.'),(20,'feq','Dolorum eos ut inventore. Dolorem pariatur suscipit ut praesentium ipsa. Fugit placeat sint aperiam enim. Modi qui consequatur aut itaque dolore nulla ab optio.'),(21,'lyz','Ipsam sint maxime maxime neque. Est nam ipsa corrupti aut perferendis.'),(22,'scu','Aperiam illum sed quidem quia autem adipisci voluptas. Aut ab animi suscipit sint. Similique earum iusto eveniet deleniti tenetur cum impedit. Unde aut sint corrupti voluptatem explicabo. Voluptatem quae incidunt saepe.'),(23,'cge','A et voluptates nam sapiente eos. Qui sit optio laborum dolor. Voluptas est quod sint deserunt.'),(24,'nnv','Est soluta quia quibusdam qui. Maxime aspernatur qui non qui distinctio eaque sunt. Accusamus veniam non sint aut earum. Et et eum voluptas ut.'),(25,'jlt','A ratione id consequatur rerum. Laborum tempore optio laboriosam consequatur. Saepe mollitia voluptatum aut eum. Voluptatem dolor facere minima consequatur.'),(26,'vwy','Cupiditate id distinctio non tempora ea et. Quo cum est accusamus sit et necessitatibus corrupti. Mollitia adipisci et non est est.'),(27,'vmj','Corporis in exercitationem dolore ut. Cupiditate non eius ut consequatur sint. Autem omnis velit eum libero. Assumenda commodi molestiae quasi omnis aut quis sint.'),(28,'xmb','Suscipit aperiam veniam magni corrupti molestias. Facere quidem atque autem qui autem sunt. Pariatur voluptatum ut praesentium dolorum illum vel. Est sapiente exercitationem ut ullam occaecati voluptatem quod.'),(29,'oaa','Facere doloribus architecto ducimus blanditiis. Ratione unde dolores temporibus esse quia illo. Et fugiat incidunt reiciendis incidunt dolores.'),(30,'ylu','Quo officia occaecati quisquam vel. Dicta dolorum et minima omnis ab modi occaecati. Similique omnis voluptate voluptate corrupti incidunt dicta.');
/*!40000 ALTER TABLE `medicines` ENABLE KEYS */;
UNLOCK TABLES;

--
-- Table structure for table `sick_pay`
--

DROP TABLE IF EXISTS `sick_pay`;
/*!40101 SET @saved_cs_client     = @@character_set_client */;
/*!40101 SET character_set_client = utf8 */;
CREATE TABLE `sick_pay` (
  `id` bigint(20) unsigned NOT NULL AUTO_INCREMENT,
  `user_id` bigint(20) unsigned NOT NULL,
  `created_at` datetime DEFAULT current_timestamp(),
  `updated_at` datetime DEFAULT current_timestamp(),
  `description` text COLLATE utf8mb4_unicode_ci DEFAULT NULL,
  `status` enum('opened','in process','closed') COLLATE utf8mb4_unicode_ci DEFAULT NULL,
  PRIMARY KEY (`id`),
  KEY `fk_user_id` (`user_id`),
  CONSTRAINT `fk_user_id` FOREIGN KEY (`user_id`) REFERENCES `users` (`id`) ON DELETE CASCADE ON UPDATE CASCADE
) ENGINE=InnoDB AUTO_INCREMENT=101 DEFAULT CHARSET=utf8mb4 COLLATE=utf8mb4_unicode_ci;
/*!40101 SET character_set_client = @saved_cs_client */;

--
-- Dumping data for table `sick_pay`
--

LOCK TABLES `sick_pay` WRITE;
/*!40000 ALTER TABLE `sick_pay` DISABLE KEYS */;
INSERT INTO `sick_pay` VALUES (1,1,'1998-01-14 23:42:21','2013-01-31 04:56:17','Maiores aperiam vero ex aliquid et mollitia sint omnis. Quo aut enim sint a ad ad sunt. Inventore sunt ut fuga sapiente ipsum porro consequuntur culpa.','in process'),(2,2,'1973-12-26 19:04:14','1980-05-07 12:12:39','Molestiae consequatur praesentium cumque cupiditate. Ut aperiam voluptatem error excepturi. Eligendi ab illum quis quia ut dicta veritatis facilis. Deleniti numquam et quo doloribus.','in process'),(3,3,'1979-09-14 07:29:08','1992-05-13 06:00:42','Ad nihil aut sit iste. Saepe fugit rerum ea architecto. Consectetur nihil et rerum vitae. Nostrum praesentium ut natus maiores ut.','closed'),(4,4,'1996-09-29 16:39:19','1981-04-29 23:49:11','Alias vitae et aut ut excepturi itaque rerum. Iure et natus maxime facere quia. Libero sed et in perspiciatis nihil eum. Sed consequatur delectus aut id qui dolor.','opened'),(5,5,'1983-10-08 12:03:28','2009-12-18 13:00:54','A quia vel culpa hic sunt corrupti nostrum. Est iste sint earum qui.','opened'),(6,6,'2013-06-08 07:56:31','1977-08-31 13:51:41','Necessitatibus neque ut eius perspiciatis. Laudantium et quibusdam dolor reprehenderit. Ducimus quaerat est eos quae. Est autem fuga est facilis velit provident et.','opened'),(7,7,'1982-07-22 19:23:24','1980-10-01 03:11:54','Distinctio sit voluptate eos quis vel possimus ea. Nostrum alias praesentium nobis eos. Est nostrum ut quaerat repudiandae saepe facilis quam.','closed'),(8,8,'1995-09-09 23:17:13','1971-06-04 11:50:28','Sunt incidunt reprehenderit et minus recusandae. Enim voluptatem aspernatur et iure dolores recusandae dolores. Debitis odio ullam atque aut.','opened'),(9,9,'2013-04-02 02:00:17','2003-10-16 20:10:39','Eligendi et ipsum officia veniam occaecati assumenda. Et voluptas eos adipisci aspernatur enim. Sint molestiae commodi optio aperiam consequatur corporis in molestiae.','closed'),(10,10,'2014-11-14 02:03:03','2010-11-09 03:12:13','Laudantium assumenda molestias ducimus sunt harum cum mollitia. Nostrum cum aspernatur qui facilis incidunt voluptate. Molestias aliquid harum fugiat sed maiores sunt. Ea sint ut rerum laboriosam alias qui.','opened'),(11,11,'2000-04-15 22:31:59','2011-10-09 08:12:36','Dolores praesentium voluptatem aut ut quo. Tenetur tempora repudiandae cum doloribus dolores tenetur numquam neque. At eos rerum modi consectetur fuga vel veniam. Accusamus dignissimos odio doloremque cupiditate debitis.','opened'),(12,12,'2002-05-28 13:10:08','2020-02-25 11:15:32','Quo aspernatur iste rerum itaque. Culpa adipisci id dolorum. Nesciunt recusandae qui corporis fugit dolor unde.','in process'),(13,13,'1995-05-01 10:26:53','1977-01-19 09:30:20','Provident voluptates necessitatibus non consequuntur et. Odit sed nam autem mollitia ab consectetur non impedit. Qui tempore sapiente accusantium fuga.','closed'),(14,14,'1990-09-14 05:35:14','1970-09-05 21:43:07','Sit numquam et totam natus porro. Necessitatibus eum saepe veritatis aperiam. Est sunt omnis incidunt quod quia.','opened'),(15,15,'1996-07-09 13:02:25','2018-01-04 10:01:35','Officiis quia nostrum non asperiores aliquam. Enim asperiores amet quidem commodi enim eos aliquam omnis. Ad et officiis ex et. Voluptatem quisquam mollitia reprehenderit. Rerum quas nemo pariatur est.','closed'),(16,16,'1981-11-22 16:19:49','1977-08-19 18:19:46','Perspiciatis nulla natus magnam ut. Voluptatem nostrum non quia totam. Tenetur officiis blanditiis voluptate est quia.','opened'),(17,17,'1984-11-26 04:19:44','2017-05-25 09:45:09','Enim soluta porro non voluptas temporibus. Laudantium nulla possimus non reiciendis ut ad odit ea. Quia laboriosam quas sunt aut.','closed'),(18,18,'1981-08-09 07:13:42','1997-05-29 21:23:11','Sed delectus quo doloribus voluptatum consequuntur. Facere odit est vel recusandae ad. Ipsam distinctio recusandae velit illo aut assumenda. Numquam sed distinctio laudantium distinctio.','opened'),(19,19,'2007-03-14 05:49:11','1973-07-15 16:31:34','Qui et est magnam. Unde asperiores odio id rem.','closed'),(20,20,'1984-09-04 07:13:29','1971-05-04 00:14:22','Explicabo quia quos accusantium vel excepturi. Eos voluptatem sunt et in et tempora suscipit. Dolor molestiae facilis ipsa quia perferendis veritatis.','opened'),(21,21,'1971-09-14 14:34:38','2003-07-29 07:25:27','Reiciendis officia aliquid suscipit blanditiis. Velit sint possimus aut rem ut quia. Corrupti aut at eligendi sint voluptate ut ducimus.','in process'),(22,22,'2004-10-06 07:49:22','1991-09-09 02:05:00','Accusantium expedita non molestiae tempora quibusdam est earum. Deserunt aliquid sint ut alias enim. Repellat ex vitae voluptatem et porro. Sequi quia soluta ipsum reprehenderit.','opened'),(23,23,'1970-08-05 19:35:03','1985-10-18 16:32:00','Dignissimos voluptatibus aut accusantium. Veniam eum sed deserunt recusandae sed enim molestiae. Alias veritatis nulla deserunt fugiat vero nihil aut. Eveniet pariatur ducimus ipsum ut. Nostrum non perspiciatis aut vel.','in process'),(24,24,'2009-02-10 13:46:11','2000-03-12 06:04:35','Consequatur corrupti dolor eaque voluptas velit a. Id laboriosam est corrupti natus dolor. Et necessitatibus pariatur et saepe fugit. Qui ea qui illum nemo. Iste asperiores possimus esse non rerum tenetur incidunt.','in process'),(25,25,'2010-04-04 06:18:21','2013-08-09 08:16:08','Voluptas et facere quod quo et maxime. Architecto consequatur ad consequatur eos. Voluptatum cumque ut eos dolor nesciunt quaerat nobis.','closed'),(26,26,'1975-02-07 10:17:49','1979-10-25 12:20:47','Eaque iure est dignissimos quam ut. Animi dolorum esse sit tempore error assumenda vel. Laboriosam maxime placeat tempora. Laboriosam consequuntur voluptatem natus qui reiciendis fuga illo.','closed'),(27,27,'1973-03-19 22:54:41','1986-11-15 16:51:10','Consequatur adipisci voluptate atque odit. Architecto molestias dicta corrupti beatae maiores non eos et.','opened'),(28,28,'2008-10-03 21:48:46','1975-09-04 10:41:48','Ad et magni sit sed maiores omnis deserunt. Laborum harum harum rerum aut laborum. Quam illum nemo tempora quas aperiam ratione accusamus asperiores. Molestias omnis eum eum itaque fuga ipsa rerum.','opened'),(29,29,'1974-04-24 16:31:26','1997-08-03 07:13:51','Et labore corporis et sed iusto quia. Totam dolorum aut dignissimos culpa mollitia exercitationem et. Sint exercitationem odit laudantium mollitia in ut alias atque.','in process'),(30,30,'2001-07-15 15:45:53','1994-12-18 14:55:39','Accusamus placeat repellat optio nobis. Sit architecto consectetur quis recusandae placeat cupiditate. Pariatur perspiciatis amet laudantium deleniti. Aspernatur ut enim sunt veniam voluptatibus fuga sed.','in process'),(31,31,'1982-07-04 18:24:08','1995-04-04 00:17:03','Modi voluptatem voluptatem corrupti expedita. Nostrum distinctio saepe reprehenderit eos. Eius et et ut velit accusantium.','in process'),(32,32,'1981-07-21 08:58:24','1985-10-22 14:35:58','Dolorem autem quis pariatur ea veritatis nisi. Sed nesciunt accusamus quasi error quisquam. Tenetur quia praesentium aut officia quia blanditiis. Qui quia blanditiis quas ducimus magni non.','closed'),(33,33,'1980-02-01 16:14:27','2005-07-14 01:01:09','Ratione laboriosam dolores iste dolores autem veniam quia. Est rerum aperiam possimus totam rerum. Non quisquam pariatur qui quas.','opened'),(34,34,'1974-11-21 20:37:41','1992-02-03 01:16:25','Neque laudantium ea aut corporis non error. Dolor voluptates consectetur perspiciatis debitis beatae perspiciatis. Sed accusamus in optio optio et minus dolorem. Molestiae ipsum est maiores ut ut aperiam repudiandae.','opened'),(35,35,'2018-03-14 02:00:34','2007-11-13 01:07:14','Voluptatem provident ut voluptate sint error adipisci hic laborum. Adipisci quia voluptatibus dolores nihil.','opened'),(36,36,'2007-02-24 11:05:09','1997-07-19 10:22:14','Labore fuga ipsa saepe officiis sunt et. Quas reprehenderit quidem exercitationem suscipit possimus est harum. Quasi modi ratione sint voluptatem tempora exercitationem dignissimos voluptas.','in process'),(37,37,'2000-12-22 00:21:03','1970-06-12 09:40:07','Non impedit ratione non qui consectetur. Non laboriosam cum officia iusto corporis ipsum. Magni at maiores cum nesciunt corrupti repudiandae nihil. Distinctio blanditiis fugit autem vero expedita nisi.','opened'),(38,38,'1999-10-26 00:13:12','1971-12-09 10:01:59','Quos ut cum et. Iusto qui blanditiis assumenda esse odit autem vero ut. Est quo atque consequuntur est eveniet corporis.','in process'),(39,39,'2013-12-31 11:26:05','2016-09-14 11:16:48','Sunt voluptatem temporibus hic placeat. Blanditiis ratione est facilis deserunt excepturi. Ut eveniet vel enim qui iusto. Quasi est explicabo voluptatem.','closed'),(40,40,'2009-03-25 23:03:47','1990-06-25 09:50:02','Odit dolorem veniam nemo adipisci nobis autem non quibusdam. Et quisquam laborum dolor et ut ratione et. Illo aut minus eum voluptatem dolorum. Nulla quia perspiciatis sint quidem distinctio.','in process'),(41,41,'1985-07-10 01:23:10','1995-09-26 05:09:40','Odit dignissimos suscipit quisquam alias consectetur. Est minus ut ut excepturi at aut. Necessitatibus nesciunt excepturi omnis commodi ab quis sunt.','closed'),(42,42,'1989-01-07 15:16:05','1995-02-23 11:15:19','Porro delectus repellat quis. Aliquam optio accusantium explicabo et reiciendis. Voluptatum quod veniam cupiditate tempora impedit.','in process'),(43,43,'1981-04-02 13:32:07','2017-03-23 21:47:01','Sunt reiciendis eligendi accusamus molestiae. Autem cumque unde ea. Labore laboriosam vitae autem nam consequatur.','closed'),(44,44,'2014-07-30 08:12:22','2022-05-19 13:00:05','Vel velit cum et inventore aut. Sit laudantium molestiae doloremque velit ipsum. Aut impedit eum qui voluptatum maiores. Reiciendis et possimus quibusdam ea sed a.','closed'),(45,45,'2015-04-19 11:31:32','1977-01-29 04:47:51','Voluptatem assumenda in corporis debitis numquam dolores. Qui atque illum dolore. Iusto incidunt aut et aperiam.','opened'),(46,46,'2017-09-05 18:07:29','2021-10-17 19:33:51','Mollitia quaerat quo architecto et deserunt. Qui aliquam non temporibus incidunt esse nihil. Possimus veritatis voluptates non optio nulla ab.','opened'),(47,47,'2016-11-24 13:02:14','1979-04-08 03:32:52','Repellat quos exercitationem asperiores corporis optio esse. Et doloribus nihil est. Excepturi ullam non odio officiis ipsum eos voluptatum. Et animi doloribus ducimus esse.','in process'),(48,48,'1978-05-07 23:21:11','1976-10-03 17:33:40','Laudantium ea voluptatem delectus laborum cum. Odio excepturi delectus ex tempore qui tenetur quasi. Explicabo sunt rerum libero facilis voluptas magni sint.','in process'),(49,49,'1984-06-10 23:42:23','1992-06-09 05:13:09','At explicabo quaerat mollitia a cupiditate modi et. Rerum tempora consequatur et quia.','opened'),(50,50,'1974-01-04 19:51:50','2011-09-19 03:34:13','Ducimus nam assumenda beatae quia cum ut eos. Voluptatem rem ut voluptatibus sequi reprehenderit. Explicabo esse qui sed qui ea. Fugit asperiores architecto non minima.','closed'),(51,51,'2003-03-30 05:32:14','2020-01-18 19:24:57','Voluptatem ut assumenda ipsam voluptatem eum. Velit eveniet voluptas ut quia dolores sed.','closed'),(52,52,'2008-03-19 06:16:12','1980-11-01 22:47:12','Possimus enim alias quidem eveniet nemo dignissimos ab. Pariatur saepe nemo et deleniti expedita hic nam et.','opened'),(53,53,'1997-05-07 15:49:43','1987-07-20 03:33:28','Quia et cumque est iusto esse minus inventore. Nesciunt quae ut ducimus cumque autem voluptate. Et iste ut dolore quidem nisi aut.','closed'),(54,54,'2007-01-22 13:37:15','1970-09-22 18:23:46','Inventore optio sequi eligendi enim rerum. Nobis ad dolorem voluptas odio. Praesentium qui repudiandae nesciunt exercitationem aliquid ut. Placeat quasi quae distinctio quisquam modi.','closed'),(55,55,'1985-12-26 09:44:14','1987-08-29 16:50:40','Deserunt ratione nihil voluptas. Vel nostrum qui autem quod quia autem aut. Quisquam aperiam molestias nulla reprehenderit. Harum ut voluptatem placeat consequatur.','in process'),(56,56,'1979-02-19 09:58:28','2020-01-30 23:27:47','Debitis delectus repudiandae laboriosam quod deserunt. Beatae sit sed quasi enim.','in process'),(57,57,'2005-05-22 10:08:08','2012-11-15 16:22:38','Asperiores quibusdam id aut est voluptates sapiente sequi. Cumque inventore quos itaque non repellendus. Voluptas id temporibus expedita.','in process'),(58,58,'2019-03-04 19:40:32','1978-09-18 01:25:53','Quis quam soluta consequatur sint fuga. Dolor ut itaque aspernatur odio. Quis omnis est doloribus sint sed.','in process'),(59,59,'1993-04-18 15:06:04','1971-12-29 09:43:13','Quae voluptate dolorem accusamus consequuntur amet impedit. At nam enim quia. Voluptatem assumenda nesciunt eos in aliquid animi. Omnis rerum velit est hic. Sed ut quidem voluptatem est.','closed'),(60,60,'1990-04-01 14:18:50','2022-07-10 14:03:11','Veniam iure eum magnam est mollitia. Dolores quos possimus illum eligendi quae enim. Quae ea est dolor odio est aut laboriosam dolorem.','opened'),(61,61,'1988-01-17 02:03:52','1984-03-19 17:42:08','Optio voluptatem laudantium voluptates sint itaque assumenda. Dolorem incidunt sequi autem expedita quo harum. Iure magni aliquid et suscipit.','closed'),(62,62,'2022-07-20 11:35:14','1991-12-02 15:30:15','Quos consequatur officia molestias eos qui sit quos voluptas. Ratione molestias nam amet non sit autem. Corrupti et soluta fuga fugit.','opened'),(63,63,'2002-02-02 23:27:41','2018-03-16 08:45:45','Aut reprehenderit dolore tempore mollitia quia sunt magni. Exercitationem veritatis minus quidem et ipsam omnis voluptatem sed. Velit consequuntur suscipit voluptatem delectus voluptates omnis provident. Perferendis et facilis minus labore ut.','closed'),(64,64,'1971-05-30 12:36:31','1973-08-28 05:51:20','Est tenetur ea illum a. Sit sit quaerat quia nihil. Cupiditate illo cumque in id. Neque nam reiciendis sint illum.','in process'),(65,65,'2003-03-16 04:51:47','1998-09-09 14:31:44','Quia sequi odit voluptatibus iure. Sed aut dolorem sit officiis quia totam minus dolore. Omnis omnis in tempore velit vitae perspiciatis itaque.','in process'),(66,66,'1986-01-27 22:21:17','2006-08-10 22:48:45','Consequatur hic dolor autem labore vitae et omnis. Consequatur sit sequi voluptas nobis ipsa aut sunt. Molestiae ut quae ad modi aspernatur nesciunt aut. Sit pariatur id labore voluptas.','closed'),(67,67,'1986-12-20 01:33:30','1980-04-21 00:30:30','Placeat qui animi voluptas et eum voluptas inventore fugit. Et nulla cupiditate dolor aut eligendi. Ut ab non voluptas ut dolores est. Enim iusto perferendis iusto.','closed'),(68,68,'1978-04-13 04:25:55','1971-12-17 23:42:10','Necessitatibus veniam corporis ut repellat minus suscipit. Repudiandae totam at accusantium vitae aliquid illo. Quidem reprehenderit minus nulla.','opened'),(69,69,'1974-02-06 08:22:21','2019-11-27 22:32:06','Commodi perferendis eaque aut ratione. Ut consequuntur ab cum voluptatem. Ut officia omnis est. Vel quia ipsa ipsam iusto magnam aut possimus.','opened'),(70,70,'2009-05-16 21:24:30','1982-06-09 03:30:09','Dicta placeat et quibusdam eius. Et praesentium fugit excepturi et rerum. Iusto modi pariatur cumque odio tenetur ipsam enim voluptas. Delectus ab corrupti et cumque magni illum minima.','in process'),(71,71,'1978-12-14 15:52:25','2008-08-31 14:37:47','Et dicta dicta et velit amet ut voluptatem. Hic qui est velit sunt quae. Incidunt et minima voluptas suscipit amet non id. Quasi et perferendis enim deserunt aut est quidem modi.','closed'),(72,72,'1982-03-20 04:36:20','1973-06-03 20:45:33','Alias voluptatem enim eaque facilis. Iure quos et fugit aut nostrum quos quasi. Veritatis perspiciatis nihil et iusto nihil assumenda. Eos et ut et modi.','opened'),(73,73,'2007-03-13 09:13:56','1998-09-16 05:58:59','Ut omnis consequatur saepe. Facere iste dolor beatae sit. Voluptatibus minus quas repudiandae inventore. Tempora repudiandae sunt quis necessitatibus tenetur cumque corporis. Dolorem exercitationem deleniti tenetur et aspernatur suscipit.','closed'),(74,74,'2015-05-11 04:41:40','1977-12-26 16:16:43','Consequuntur sint sit nihil adipisci. Ducimus iusto laborum occaecati eius quisquam eum ipsa.','opened'),(75,75,'1995-08-21 00:22:33','1981-12-23 21:03:51','Id quis eum ea alias odit aspernatur. Quis officiis expedita neque rem. In optio veritatis laudantium est necessitatibus hic ab. Debitis ratione eos omnis enim veritatis ea beatae.','in process'),(76,76,'1982-07-20 17:02:11','1988-10-11 05:32:54','Ullam unde quod necessitatibus quia. Voluptatibus accusantium culpa illum dolor est placeat placeat. Et perspiciatis eos nihil sit dignissimos ullam vel alias. Autem qui maxime quia placeat exercitationem.','closed'),(77,77,'1999-09-13 08:43:59','1986-07-28 10:32:44','Eos iusto minus qui dolorum commodi voluptatem voluptas. Dolorem sequi aut non quis. Qui quod odio sit aut perferendis omnis et.','in process'),(78,78,'2014-04-21 20:57:38','2017-06-24 10:47:33','Earum pariatur cumque sunt aut. Natus sunt consectetur esse magni et. Culpa et id et est. Placeat sapiente vero et eius velit non.','closed'),(79,79,'1994-06-28 18:25:51','1992-12-31 01:27:20','Reiciendis modi quia sunt possimus ratione. Aspernatur qui nulla non ab. Possimus et tempora et.','opened'),(80,80,'2002-08-06 00:18:23','2022-06-30 02:11:52','Aliquid rem similique commodi excepturi est omnis assumenda. Odit aut asperiores alias aut provident soluta in. Iste tempore ratione velit a. Repellat ipsa esse excepturi voluptatem omnis aut.','closed'),(81,81,'1975-10-16 07:33:22','1987-01-06 01:09:39','Voluptatem non deleniti non quaerat alias aliquam reprehenderit. Et quo voluptatum recusandae qui. In quidem ut consequuntur saepe eos. Commodi quas consequatur et consequatur.','opened'),(82,82,'1987-12-29 20:43:29','1988-12-15 08:18:25','Perspiciatis ipsum omnis eum animi. Officiis saepe animi nihil. Repellat quia sapiente voluptas dolores maxime aut.','in process'),(83,83,'2008-10-02 06:52:13','1984-08-25 10:19:50','Rem similique voluptas sed. Repellat unde qui sed saepe rerum maiores. Voluptatem quod est quod est atque eum voluptatem.','in process'),(84,84,'2020-01-08 20:27:12','2003-11-10 04:53:54','Itaque libero excepturi quam eos perspiciatis dicta. Impedit facere voluptatem sit deleniti dolor qui veritatis. Repellendus quasi harum quia earum.','in process'),(85,85,'1997-09-26 19:53:52','1987-06-30 17:14:55','Adipisci enim qui est. Et eos fuga sit dolorum doloribus. Commodi cum sit nihil natus nisi. Inventore reprehenderit vero eum. Rerum ex sed voluptatibus labore ab facilis.','closed'),(86,86,'1982-12-25 16:28:25','1972-03-30 11:32:11','Eveniet autem nemo temporibus adipisci. Dolor doloribus eos temporibus impedit ut ea qui aspernatur. Dolorem nam voluptas aut beatae nihil similique.','in process'),(87,87,'1982-07-27 12:29:50','2009-05-05 17:52:39','Dolorum fugiat odio laboriosam. Veniam et dicta ea dolores ipsa optio nihil. Consequatur quam in nihil accusamus eum sed et. Exercitationem voluptatem non saepe reiciendis voluptates. Modi quis asperiores et ut nesciunt culpa.','closed'),(88,88,'1991-04-07 08:01:54','2017-09-21 05:12:30','Commodi minima facilis at odit delectus hic. Ut rerum aut reprehenderit sed omnis possimus consequatur et. Illum hic et minima velit quo iusto dolore. Et cum quidem fugiat non ipsa est vitae.','closed'),(89,89,'1977-02-10 09:48:01','1983-01-22 02:48:41','Est labore fugit eveniet ex consectetur non nam. Eaque debitis eveniet dolore quia rerum. Nobis beatae non facere et.','opened'),(90,90,'2006-03-08 06:28:49','1971-05-07 11:33:35','Porro tempora et quas omnis. Minima harum repellendus facilis repudiandae rem sit corporis. Facere ipsum et iusto dolores modi dolores libero. Nam et est rem ipsam accusamus debitis saepe.','closed'),(91,91,'1993-03-09 20:58:27','2017-07-11 13:50:10','Consequuntur reiciendis nisi alias. Aut praesentium et explicabo est. Perspiciatis sunt laudantium exercitationem temporibus. Harum et omnis officia. Culpa unde consequuntur et animi aut sit.','in process'),(92,92,'2009-03-11 12:19:51','2010-08-24 01:03:10','Distinctio blanditiis ducimus et voluptatem. Illo voluptate qui totam nihil et natus est. Ut voluptate aut facilis unde.','opened'),(93,93,'1980-04-10 05:35:07','1974-01-30 17:39:33','Doloremque dolor perferendis sint nihil. Reiciendis omnis et molestiae incidunt fugiat eos sit. Unde error nulla suscipit quasi laudantium doloremque ut id.','closed'),(94,94,'2017-07-28 16:27:30','2022-08-30 18:24:08','Accusantium distinctio sed quisquam. Sequi molestiae dolor inventore doloribus quis. Quo optio accusantium repudiandae ipsum delectus saepe molestias.','closed'),(95,95,'1985-04-13 01:44:12','2006-09-05 16:00:23','Iusto voluptas a dolor corporis quam. Architecto laboriosam voluptatum ab laborum. Voluptate debitis impedit molestiae at. Voluptatem fugit et voluptatem ipsam officiis quia id.','closed'),(96,96,'2016-04-22 12:36:15','1972-09-10 23:53:35','Unde quisquam id rerum tempora quis. Illum reiciendis id doloribus ducimus dignissimos vitae autem. Est iure asperiores sed aut qui. Eos sequi magnam dolor hic. Vel explicabo necessitatibus velit sed incidunt quaerat provident.','in process'),(97,97,'2003-05-28 22:27:35','1972-04-11 07:04:44','Dolorem voluptatem ipsam non ullam accusamus. Et odit ipsam eius. Ullam recusandae consequatur fuga et est architecto in. Itaque reprehenderit rerum dolor in animi asperiores voluptatem. Sed aut sunt est repellat fuga quia.','in process'),(98,98,'1996-10-09 18:47:27','1972-11-19 06:37:38','Laborum rerum enim quaerat dolores. Sit illo non quia est eius libero iusto.','opened'),(99,99,'1977-10-13 21:09:12','2008-11-26 15:46:06','A deleniti quos architecto vero doloribus eaque nam. Voluptas molestiae deserunt beatae consequatur aperiam natus. Quidem illum beatae vel illum esse natus. Praesentium atque aut dolorem perferendis.','closed'),(100,100,'2003-06-13 11:27:45','1985-04-26 02:12:08','Modi laudantium quae quasi fuga quia deserunt. Est quam animi consequatur ratione inventore repellendus. Quisquam voluptatum impedit qui. Veritatis dolores ullam perferendis accusantium.','in process');
/*!40000 ALTER TABLE `sick_pay` ENABLE KEYS */;
UNLOCK TABLES;

--
-- Table structure for table `user_hospital`
--

DROP TABLE IF EXISTS `user_hospital`;
/*!40101 SET @saved_cs_client     = @@character_set_client */;
/*!40101 SET character_set_client = utf8 */;
CREATE TABLE `user_hospital` (
  `id` bigint(20) unsigned NOT NULL AUTO_INCREMENT,
  `user_id` bigint(20) unsigned NOT NULL,
  `hospital_user_id` bigint(20) unsigned NOT NULL,
  PRIMARY KEY (`id`),
  KEY `user_id` (`user_id`),
  KEY `hospital_user_id` (`hospital_user_id`),
  CONSTRAINT `user_hospital_ibfk_1` FOREIGN KEY (`user_id`) REFERENCES `users` (`id`) ON DELETE CASCADE ON UPDATE CASCADE,
  CONSTRAINT `user_hospital_ibfk_2` FOREIGN KEY (`hospital_user_id`) REFERENCES `hospitals` (`id`) ON DELETE CASCADE ON UPDATE CASCADE
) ENGINE=InnoDB AUTO_INCREMENT=101 DEFAULT CHARSET=utf8mb4 COLLATE=utf8mb4_unicode_ci;
/*!40101 SET character_set_client = @saved_cs_client */;

--
-- Dumping data for table `user_hospital`
--

LOCK TABLES `user_hospital` WRITE;
/*!40000 ALTER TABLE `user_hospital` DISABLE KEYS */;
INSERT INTO `user_hospital` VALUES (1,1,1),(2,2,2),(3,3,3),(4,4,4),(5,5,5),(6,6,6),(7,7,7),(8,8,8),(9,9,9),(10,10,10),(11,11,11),(12,12,12),(13,13,13),(14,14,14),(15,15,15),(16,16,16),(17,17,17),(18,18,18),(19,19,19),(20,20,20),(21,21,21),(22,22,22),(23,23,23),(24,24,24),(25,25,25),(26,26,26),(27,27,27),(28,28,28),(29,29,29),(30,30,30),(31,31,31),(32,32,32),(33,33,33),(34,34,34),(35,35,35),(36,36,36),(37,37,37),(38,38,38),(39,39,39),(40,40,40),(41,41,41),(42,42,42),(43,43,43),(44,44,44),(45,45,45),(46,46,46),(47,47,47),(48,48,48),(49,49,49),(50,50,50),(51,51,51),(52,52,52),(53,53,53),(54,54,54),(55,55,55),(56,56,56),(57,57,57),(58,58,58),(59,59,59),(60,60,60),(61,61,61),(62,62,62),(63,63,63),(64,64,64),(65,65,65),(66,66,66),(67,67,67),(68,68,68),(69,69,69),(70,70,70),(71,71,71),(72,72,72),(73,73,73),(74,74,74),(75,75,75),(76,76,76),(77,77,77),(78,78,78),(79,79,79),(80,80,80),(81,81,81),(82,82,82),(83,83,83),(84,84,84),(85,85,85),(86,86,86),(87,87,87),(88,88,88),(89,89,89),(90,90,90),(91,91,91),(92,92,92),(93,93,93),(94,94,94),(95,95,95),(96,96,96),(97,97,97),(98,98,98),(99,99,99),(100,100,100);
/*!40000 ALTER TABLE `user_hospital` ENABLE KEYS */;
UNLOCK TABLES;

--
-- Table structure for table `user_medicines`
--

DROP TABLE IF EXISTS `user_medicines`;
/*!40101 SET @saved_cs_client     = @@character_set_client */;
/*!40101 SET character_set_client = utf8 */;
CREATE TABLE `user_medicines` (
  `id` bigint(20) unsigned NOT NULL AUTO_INCREMENT,
  `user_id` bigint(20) unsigned NOT NULL,
  `medicines_id` bigint(20) unsigned NOT NULL,
  `side_effect` text COLLATE utf8mb4_unicode_ci DEFAULT NULL,
  `dose` bigint(20) unsigned NOT NULL,
  PRIMARY KEY (`id`),
  KEY `user_id` (`user_id`),
  KEY `medicines_id` (`medicines_id`),
  CONSTRAINT `user_medicines_ibfk_1` FOREIGN KEY (`user_id`) REFERENCES `users` (`id`) ON DELETE CASCADE ON UPDATE CASCADE,
  CONSTRAINT `user_medicines_ibfk_2` FOREIGN KEY (`medicines_id`) REFERENCES `medicines` (`id`) ON DELETE CASCADE ON UPDATE CASCADE
) ENGINE=InnoDB AUTO_INCREMENT=101 DEFAULT CHARSET=utf8mb4 COLLATE=utf8mb4_unicode_ci;
/*!40101 SET character_set_client = @saved_cs_client */;

--
-- Dumping data for table `user_medicines`
--

LOCK TABLES `user_medicines` WRITE;
/*!40000 ALTER TABLE `user_medicines` DISABLE KEYS */;
INSERT INTO `user_medicines` VALUES (1,1,1,NULL,723),(2,2,2,NULL,250),(3,3,3,NULL,288),(4,4,4,NULL,196),(5,5,5,NULL,282),(6,6,6,NULL,241),(7,7,7,NULL,903),(8,8,8,NULL,710),(9,9,9,NULL,633),(10,10,10,NULL,384),(11,11,11,NULL,127),(12,12,12,NULL,766),(13,13,13,NULL,160),(14,14,14,NULL,481),(15,15,15,NULL,403),(16,16,16,NULL,441),(17,17,17,NULL,75),(18,18,18,NULL,50),(19,19,19,NULL,331),(20,20,20,NULL,818),(21,21,21,NULL,507),(22,22,22,NULL,354),(23,23,23,NULL,600),(24,24,24,NULL,794),(25,25,25,NULL,288),(26,26,26,NULL,821),(27,27,27,NULL,783),(28,28,28,NULL,829),(29,29,29,NULL,975),(30,30,30,NULL,223),(31,31,1,NULL,504),(32,32,2,NULL,961),(33,33,3,NULL,48),(34,34,4,NULL,861),(35,35,5,NULL,444),(36,36,6,NULL,109),(37,37,7,NULL,713),(38,38,8,NULL,924),(39,39,9,NULL,1000),(40,40,10,NULL,132),(41,41,11,NULL,829),(42,42,12,NULL,772),(43,43,13,NULL,775),(44,44,14,NULL,798),(45,45,15,NULL,75),(46,46,16,NULL,51),(47,47,17,NULL,556),(48,48,18,NULL,303),(49,49,19,NULL,501),(50,50,20,NULL,251),(51,51,21,NULL,551),(52,52,22,NULL,453),(53,53,23,NULL,497),(54,54,24,NULL,348),(55,55,25,NULL,116),(56,56,26,NULL,599),(57,57,27,NULL,150),(58,58,28,NULL,327),(59,59,29,NULL,807),(60,60,30,NULL,815),(61,61,1,NULL,430),(62,62,2,NULL,649),(63,63,3,NULL,934),(64,64,4,NULL,253),(65,65,5,NULL,673),(66,66,6,NULL,297),(67,67,7,NULL,179),(68,68,8,NULL,552),(69,69,9,NULL,19),(70,70,10,NULL,397),(71,71,11,NULL,485),(72,72,12,NULL,139),(73,73,13,NULL,820),(74,74,14,NULL,555),(75,75,15,NULL,568),(76,76,16,NULL,388),(77,77,17,NULL,513),(78,78,18,NULL,226),(79,79,19,NULL,666),(80,80,20,NULL,506),(81,81,21,NULL,66),(82,82,22,NULL,389),(83,83,23,NULL,754),(84,84,24,NULL,585),(85,85,25,NULL,335),(86,86,26,NULL,411),(87,87,27,NULL,601),(88,88,28,NULL,73),(89,89,29,NULL,987),(90,90,30,NULL,604),(91,91,1,NULL,424),(92,92,2,NULL,414),(93,93,3,NULL,660),(94,94,4,NULL,279),(95,95,5,NULL,298),(96,96,6,NULL,331),(97,97,7,NULL,447),(98,98,8,NULL,235),(99,99,9,NULL,233),(100,100,10,NULL,37);
/*!40000 ALTER TABLE `user_medicines` ENABLE KEYS */;
UNLOCK TABLES;

--
-- Table structure for table `users`
--

DROP TABLE IF EXISTS `users`;
/*!40101 SET @saved_cs_client     = @@character_set_client */;
/*!40101 SET character_set_client = utf8 */;
CREATE TABLE `users` (
  `id` bigint(20) unsigned NOT NULL AUTO_INCREMENT,
  `firstname` varchar(100) COLLATE utf8mb4_unicode_ci NOT NULL COMMENT '',
  `secondname` varchar(100) COLLATE utf8mb4_unicode_ci NOT NULL COMMENT '',
  `lastname` varchar(100) COLLATE utf8mb4_unicode_ci NOT NULL COMMENT '',
  `gender` char(1) COLLATE utf8mb4_unicode_ci DEFAULT NULL,
  `birthday` date DEFAULT NULL,
  `email` varchar(100) COLLATE utf8mb4_unicode_ci DEFAULT NULL,
  `phone` bigint(20) unsigned DEFAULT NULL,
  `city` varchar(100) COLLATE utf8mb4_unicode_ci DEFAULT NULL,
  `adress` varchar(100) COLLATE utf8mb4_unicode_ci DEFAULT NULL,
  `number_passport` bigint(20) unsigned DEFAULT NULL,
  `number_certificate` bigint(20) unsigned DEFAULT NULL,
  `place_work` varchar(100) COLLATE utf8mb4_unicode_ci DEFAULT NULL,
  `description_user` text COLLATE utf8mb4_unicode_ci DEFAULT NULL,
  `is_deleted` bit(1) DEFAULT b'0',
  PRIMARY KEY (`id`),
  UNIQUE KEY `email` (`email`),
  KEY `users_firstname_secondname_lastname_idx` (`firstname`,`secondname`,`lastname`)
) ENGINE=InnoDB AUTO_INCREMENT=101 DEFAULT CHARSET=utf8mb4 COLLATE=utf8mb4_unicode_ci;
/*!40101 SET character_set_client = @saved_cs_client */;

--
-- Dumping data for table `users`
--

LOCK TABLES `users` WRITE;
/*!40000 ALTER TABLE `users` DISABLE KEYS */;
INSERT INTO `users` VALUES (1,'Korey','alias','Lueilwitz',NULL,'1996-05-07','vandervort.mack@example.org',2252648968,'Heathcoteberg',NULL,600838052,36229427747,'a','Culpa nemo velit necessitatibus. Saepe quaerat optio quisquam animi praesentium. Tenetur cumque reiciendis optio dolor harum aut.',''),(2,'Valentina','autem','Lowe',NULL,'1987-05-11','mozell.walker@example.net',5007616691,'Port Augustus',NULL,260668213,84969066111,'c','Beatae iste eum qui accusamus sequi eius maiores. Amet vero iste natus id et. Corrupti optio nobis consequatur reiciendis. Rerum minima ab vero.','\0'),(3,'Aylin','tenetur','Gleason',NULL,'1994-01-03','bailey.stella@example.com',7562856848,'East Adeline',NULL,76654912,65368013672,'a','Laboriosam in blanditiis quod eius similique tenetur. Quia aperiam perspiciatis placeat placeat. Voluptate quo enim neque et architecto iure ratione. Consequatur veniam quaerat voluptatem sapiente.','\0'),(4,'Margaret','iure','Hettinger',NULL,'1971-01-11','hansen.jewel@example.net',9826366450,'New Aliyahfurt',NULL,624577581,50585276189,'c','Non sint vel voluptate vero accusamus ut. Architecto natus in dignissimos suscipit placeat quae non. Necessitatibus eos voluptas ratione illo sunt.',''),(5,'Eric','ut','Senger',NULL,'1997-04-04','domenic31@example.net',9977816255,'Kaitlynville',NULL,723797197,49348517517,'b','Nulla soluta soluta in. Cumque iure quia iste numquam excepturi fuga. Ab assumenda autem voluptatem dolor eligendi molestias cupiditate quo.',''),(6,'Meaghan','nulla','Greenfelder',NULL,'2011-10-22','qkreiger@example.com',6019494615,'Lake Milo',NULL,506833596,103492770115,'b','Enim optio quis hic. Dolorum deleniti repellat rerum vero sunt dolorem.','\0'),(7,'Elizabeth','sed','Gleason',NULL,'2010-08-18','citlalli49@example.net',3294287521,'Velmaland',NULL,342938250,64533562201,'c','Eius velit quibusdam quia molestiae sequi perferendis sed. Velit corrupti vel architecto quo vero omnis. Occaecati aliquid expedita qui rem. Fugiat sapiente itaque quia repellat voluptatem.',''),(8,'Maximus','consequuntur','Barrows',NULL,'2013-03-23','kgrimes@example.net',9334980758,'Port Cassandraburgh',NULL,897270961,104579845112,'c','Fugiat vitae nemo ea aut vero. Consequatur molestiae harum distinctio nesciunt quam adipisci deserunt. Doloremque reprehenderit deserunt eveniet necessitatibus temporibus odio omnis. Qui nihil qui provident quo dolores aut.','\0'),(9,'Loren','alias','Davis',NULL,'1993-04-06','ustrosin@example.com',3428957631,'South Lucy',NULL,205715141,91014018191,'c','Dignissimos dignissimos tempora quia perferendis praesentium aliquid tenetur. Ab quo accusantium eum occaecati sint.','\0'),(10,'Dean','quia','Deckow',NULL,'1988-07-27','walter.laurie@example.org',3498563771,'North Jovanny',NULL,538547775,97360168370,'c','Temporibus at natus molestiae aperiam molestiae et aspernatur. Nesciunt modi perferendis accusantium odio aut. Provident nihil possimus doloribus corrupti nam voluptas.','\0'),(11,'Jaden','commodi','Schuppe',NULL,'1978-07-16','nina.willms@example.net',1128532376,'East Sigmundmouth',NULL,501714461,23055657943,'a','Dolorem non porro qui aliquid perspiciatis. Quo asperiores exercitationem optio atque ut. Vel quod animi occaecati praesentium autem omnis quasi. Quia placeat quis aliquam aut.','\0'),(12,'Isaias','quo','Schneider',NULL,'1987-05-08','mayer.carlee@example.net',6623296530,'Port Mark',NULL,922885736,88122622040,'a','Harum dolorem molestiae qui non. Maiores sint optio ut. Aperiam ea numquam delectus mollitia quam alias quae. Qui nesciunt hic dolore rem aut natus.',''),(13,'Vince','occaecati','Gibson',NULL,'2009-11-10','haylee.watsica@example.net',9129938896,'North Chetborough',NULL,834418370,71557565536,'c','Veniam explicabo sapiente id omnis ut. Illum voluptatem a est voluptatem sint qui. Sit reiciendis aut ratione itaque.','\0'),(14,'Ruben','illo','Hessel',NULL,'2013-11-15','medhurst.vivianne@example.org',5984580136,'Lizzieburgh',NULL,402296490,51572338941,'c','Eos eum qui et maiores autem eos. Eligendi magni fuga aperiam. Et dolor est inventore dolorum unde.','\0'),(15,'Lawrence','est','Schamberger',NULL,'2020-05-10','orrin.stanton@example.com',3579042796,'Sanfordhaven',NULL,643507140,65935318089,'c','Commodi rem nobis a unde error beatae et. Eum voluptatem ducimus placeat alias illum unde non. Reprehenderit hic accusamus sequi molestiae.',''),(16,'Jedediah','quas','O\'Kon',NULL,'1980-02-25','hkassulke@example.org',6162844770,'Lake Deborahside',NULL,818848741,45863884940,'b','Quod ipsum dolor ex hic voluptas iste. Ut vitae perferendis ut reprehenderit blanditiis mollitia voluptas. Dolorem consequatur eum reprehenderit odio qui ipsa. Ratione provident totam occaecati accusantium.',''),(17,'Rusty','aut','Kilback',NULL,'1987-10-24','lowe.monserrate@example.net',7677230205,'Lake Emmyport',NULL,44906936,28393324717,'b','Aperiam eos nobis ea sit quibusdam illum harum architecto. Repellat quisquam dolore odio id ab culpa totam.',''),(18,'Jaylen','dolorem','Hansen',NULL,'1997-10-08','michaela25@example.org',1793020154,'Erwinmouth',NULL,735464439,32083392482,'c','Nam vel possimus aut dignissimos. Qui nesciunt nihil quo. Dolorem quis fugit hic ratione sint sunt.',''),(19,'Benton','qui','Lind',NULL,'1972-06-13','osinski.alexandrea@example.com',1683173949,'Berniebury',NULL,226644733,83090065911,'a','Molestiae dolorem dignissimos laudantium dolores eaque distinctio esse. Saepe eligendi officia consequatur ut. Ut mollitia doloremque exercitationem molestias culpa.','\0'),(20,'Jacynthe','est','Durgan',NULL,'1975-11-11','rdietrich@example.net',4108736957,'Candelariochester',NULL,274576991,59579423550,'c','Accusantium quia deleniti sint laboriosam et facere. Mollitia quibusdam blanditiis non praesentium velit nulla. Quia minus nulla nesciunt.','\0'),(21,'Evie','maiores','Roberts',NULL,'2019-08-09','grace.murphy@example.com',2803450615,'Greenport',NULL,713692068,41581726387,'b','Sint suscipit aspernatur iusto architecto hic asperiores voluptatem. Laboriosam tenetur impedit consequatur hic officiis minima. Enim nam reiciendis sed aliquam. Aut autem ex voluptatem sed in sed odit esse.','\0'),(22,'Letha','laudantium','Abernathy',NULL,'1987-01-13','okey35@example.net',6968008762,'Abbottbury',NULL,682705400,58957120297,'c','Sunt velit praesentium fugit quo aliquam. Sit fugiat sint dolorum sequi id et quasi. Blanditiis non voluptatibus harum rerum perspiciatis id. Maiores id vero illo et nemo assumenda.',''),(23,'Ike','ut','Ledner',NULL,'1980-06-13','jamarcus05@example.com',8158472355,'Rohanland',NULL,586703992,30749916658,'c','Corrupti at qui nihil nihil. Ullam facilis nihil aut qui.','\0'),(24,'Precious','dolores','Hackett',NULL,'2007-04-11','damion15@example.org',4395507355,'Mikaylaland',NULL,8422100,98140306164,'a','Aliquid iure ipsum ipsum nulla quia facilis et. Quia quidem sit est quis. Corrupti illo nostrum voluptatem placeat.','\0'),(25,'Miles','ut','Smith',NULL,'2005-12-27','gdare@example.com',4404071422,'Lindview',NULL,514198764,82745061202,'b','Dolores rerum voluptate porro non nisi eligendi. Odit est est maiores aut. Voluptatem omnis rerum cupiditate velit. Molestiae qui excepturi quo aliquam.','\0'),(26,'William','ipsam','Zieme',NULL,'1973-11-29','hauck.susanna@example.net',3402251395,'Lelahchester',NULL,109483523,28298559696,'b','Autem reiciendis in omnis et aperiam est ipsum. Dignissimos ad est tempore ea quidem. Natus quas repudiandae rerum amet voluptas dolores in nihil. Aliquid est suscipit sit laboriosam.','\0'),(27,'Coty','ut','Kuhic',NULL,'2005-08-02','jalen.pacocha@example.net',5342404312,'Greenstad',NULL,511706162,78434671176,'c','Quia nisi velit qui et consequatur porro non. Dolores nesciunt nostrum molestiae excepturi. Porro rerum excepturi sit ducimus repudiandae quod.',''),(28,'Marty','in','Herman',NULL,'1981-03-20','whitney65@example.com',8752572643,'South Griffinstad',NULL,263651358,21045854469,'b','Enim sunt in rerum nisi suscipit non. Corporis alias voluptas eligendi saepe. Nemo qui sed explicabo placeat et qui.',''),(29,'Lindsey','corporis','Hackett',NULL,'1976-01-09','trent.o\'kon@example.net',6704502093,'New Ahmedport',NULL,789385918,66967448679,'c','Vero id quia ullam suscipit incidunt consectetur a. Eum est ut laudantium qui quae aspernatur reprehenderit. Exercitationem quam molestiae rerum magnam animi delectus.',''),(30,'Owen','blanditiis','Wiza',NULL,'2015-06-23','jtillman@example.org',9138695955,'Wunschland',NULL,467367935,59637394817,'b','Omnis et aut eos et sed nobis asperiores. Accusantium non dolor animi in voluptas natus architecto inventore. Repellendus id reprehenderit amet voluptas maiores. Tenetur numquam sit sint laboriosam molestias est.','\0'),(31,'Orlo','atque','Schimmel',NULL,'1998-07-28','roxane.hand@example.org',7389319376,'North Isadore',NULL,268730705,33406856605,'a','Accusantium deleniti aut possimus. Provident eius et incidunt ipsum. Iste recusandae atque minima.',''),(32,'Kristopher','aut','Wisozk',NULL,'2016-09-01','mozell36@example.com',5635094117,'Nikolausshire',NULL,196058229,41390337817,'a','Recusandae qui eum et fugit. Voluptatem quas deleniti porro est dolores aliquam ea. Error sed commodi voluptatem. Quis fuga sunt non deleniti earum nisi doloremque.','\0'),(33,'Deondre','nostrum','Prosacco',NULL,'2011-04-14','gia20@example.com',119628566,'Raulland',NULL,696187129,77171596718,'c','Libero omnis vel quia magni sequi molestias. Autem et et qui voluptates. Eum numquam est alias velit. Laborum earum voluptatem rerum. Enim sed sint eligendi aspernatur voluptates distinctio est.','\0'),(34,'Calista','voluptatibus','Thompson',NULL,'2022-01-25','jerrold12@example.org',5709809866,'Dillanburgh',NULL,235943120,85967444354,'b','Beatae rerum omnis eius vel ducimus velit. Natus sed perferendis in. Unde necessitatibus praesentium dicta voluptas dolor eos. Harum consequatur voluptas odio velit quibusdam quia.','\0'),(35,'Amely','commodi','Little',NULL,'2014-05-21','gutkowski.thurman@example.net',7010127141,'Hellerview',NULL,447192686,49343646537,'a','Eum fugit reiciendis cupiditate ut repellendus quod voluptas vel. Sunt odit temporibus adipisci voluptas voluptatem magnam assumenda. Sit corporis mollitia et. Quia laboriosam quisquam reprehenderit.',''),(36,'Margarete','vitae','Nikolaus',NULL,'1981-12-12','america33@example.net',7598288833,'Nathanielbury',NULL,812625369,64298565760,'a','Sint qui sed accusamus eaque aut qui. Numquam et illo illum error. Consequatur nemo omnis consectetur doloremque qui rem qui.',''),(37,'Justina','eos','Turner',NULL,'1994-11-15','goodwin.priscilla@example.org',3903220978,'Thielchester',NULL,231028226,93809899422,'c','Repellendus sint qui facere omnis voluptatem sit temporibus. Eos repellat blanditiis eum est eos ut.',''),(38,'Kennith','amet','Graham',NULL,'1998-11-24','hammes.drew@example.net',2821250384,'Rebecafurt',NULL,889656852,12179241513,'a','Repellendus laboriosam similique aut qui accusamus totam tenetur ducimus. Omnis dicta blanditiis voluptatem est qui aut et. Repudiandae explicabo dolor molestiae et. Sint ex est ea distinctio voluptatem.','\0'),(39,'Allen','suscipit','Franecki',NULL,'2010-09-13','llemke@example.com',6293261587,'Adolphton',NULL,692892263,102942780901,'a','Dolorem molestias amet quia dignissimos corrupti. Nemo error in rerum voluptate. Hic vero commodi delectus odit.',''),(40,'Isidro','in','Cremin',NULL,'2018-05-25','daniel.marielle@example.net',4884273756,'South Geovannifurt',NULL,755661145,74926857024,'c','Quibusdam pariatur voluptatem dolore aliquam. Quis id laudantium ut. Voluptate eos quasi pariatur. Et eius est doloribus iusto.','\0'),(41,'Cecelia','aspernatur','Klein',NULL,'1996-03-22','jermain.sauer@example.org',3705400874,'Lake Abigail',NULL,640110890,101288994786,'b','Quos quia non quas a necessitatibus distinctio. Sit praesentium commodi repellat deserunt. Molestiae quae non architecto quo enim est et. Quaerat et nihil est totam molestias.',''),(42,'Rosetta','voluptatum','Becker',NULL,'1988-05-09','cordie73@example.org',5192806497,'Lake Cole',NULL,737933679,29897224133,'a','Iste cumque dolor sit explicabo mollitia ut quasi. Rerum eius dolores corporis delectus quia tempore. At minima impedit earum dolorem.',''),(43,'Karson','sequi','Durgan',NULL,'2004-07-21','tanderson@example.org',5176721599,'Bernierfurt',NULL,885030831,101498109129,'c','Atque corrupti facere consequuntur eveniet. Veritatis omnis qui iste vel. Qui rerum delectus et numquam sapiente consequuntur.','\0'),(44,'Lola','delectus','Carter',NULL,'2012-08-09','rod.grimes@example.org',5458190372,'East Edytheview',NULL,354741366,41635648894,'b','Consequatur ea et ut modi facilis aut. Perspiciatis distinctio beatae neque blanditiis quia dolores quia impedit. Commodi totam atque in earum quis aut.',''),(45,'Russ','explicabo','Schimmel',NULL,'2011-08-09','jacques.wehner@example.com',2375945862,'Connville',NULL,781593227,102405953606,'b','Quo modi aspernatur eos aut nulla officiis nihil non. Excepturi corrupti quod ut quia doloremque harum eveniet. Sunt qui aperiam eos tempore odio. Sed temporibus impedit ut. Natus voluptas eaque ut alias aut quasi nam.','\0'),(46,'Clemmie','cupiditate','Davis',NULL,'1970-07-23','rice.jerel@example.net',9037476057,'New Frederickfurt',NULL,648421217,33006126984,'a','Quia et qui perferendis eveniet tempora. Voluptas atque aspernatur voluptates error consequatur. Officiis id culpa quam consequatur dolorum. A ut nam quia qui.','\0'),(47,'Cassidy','officiis','Towne',NULL,'2018-02-26','fhomenick@example.com',70274003,'North Carlimouth',NULL,301798909,103954395831,'a','Quae et excepturi aut et incidunt consequatur. Voluptas debitis aut eius dolore. Id perspiciatis et quos. Et eum aut possimus consectetur qui consequatur sint minus. Molestiae soluta voluptatem ut quasi iste possimus fuga.','\0'),(48,'Geo','enim','Lynch',NULL,'2008-10-19','mallie.simonis@example.com',3354863373,'New Leilaniport',NULL,481380019,80542567817,'c','Sunt ipsum saepe consequatur sint facilis. Cum recusandae eaque ipsa vero ullam laboriosam rerum. Eaque reprehenderit soluta voluptatum amet ad dolor. Magni eligendi et blanditiis repudiandae nihil fuga.','\0'),(49,'Bartholome','aut','Walsh',NULL,'2017-10-05','jakayla.ebert@example.net',2342888192,'West Kevon',NULL,736235147,14784989184,'b','Ipsa soluta itaque rerum aliquam error doloremque velit. Velit atque dolore eaque aut et. Consequuntur est quisquam veniam.','\0'),(50,'Mark','vero','Rutherford',NULL,'2000-12-21','malvina73@example.org',2401795731,'Mikefurt',NULL,943454203,36098119974,'a','Sit nulla at non sed pariatur illum qui. Cupiditate ad deleniti dolorem deleniti inventore. Consequatur ipsam ut quam.','\0'),(51,'Marie','quia','Beier',NULL,'1980-06-06','buck.prosacco@example.net',7801250822,'New Londonmouth',NULL,746792073,95362698663,'b','Quis enim inventore omnis consequuntur. Dolorum rerum expedita enim repellendus culpa assumenda. Tempora laborum modi dolor.','\0'),(52,'Clara','totam','Nicolas',NULL,'2018-10-30','whudson@example.net',3200055245,'Stromanshire',NULL,178489120,77250704535,'a','Quam reiciendis alias sit consequuntur nulla quia. Iure autem fugiat ut doloribus.','\0'),(53,'Cordia','excepturi','Wehner',NULL,'1999-10-09','andy.klein@example.org',8933666511,'New Liza',NULL,266740136,81088125717,'b','Id ea voluptas perferendis. Earum minus in incidunt sunt quia quo. Autem nihil numquam aspernatur in nemo tempore a.','\0'),(54,'Nikolas','facere','DuBuque',NULL,'2007-05-27','rebeka.bashirian@example.org',7052760316,'Daniellaton',NULL,878365123,51355930277,'b','Facere tempora necessitatibus aut qui sed reiciendis. Et omnis sed exercitationem et.',''),(55,'Rudy','accusantium','Gorczany',NULL,'1985-08-17','aeichmann@example.net',950956490,'Deckowberg',NULL,511453501,84804329220,'c','Et aliquid et aut sint iusto perferendis esse eum. Nobis quia aut vitae ut distinctio facilis. Consequatur aliquam consectetur aut repudiandae quaerat perspiciatis.','\0'),(56,'Eleonore','earum','Upton',NULL,'2005-03-08','huels.gillian@example.org',8528507610,'New Dessiemouth',NULL,330943196,93747712955,'b','Neque laboriosam magnam consequuntur quae temporibus. Numquam recusandae facilis qui voluptatum repellat consequatur et. Officia dolores qui delectus.','\0'),(57,'Columbus','odio','Jacobson',NULL,'1981-02-10','carter.isidro@example.net',4049467721,'Cathrinechester',NULL,245462100,83472216417,'c','Alias aut animi alias nisi ut aut. Iste quas vitae libero minus aut. Iusto consequatur aut aperiam. Dolorem officiis delectus id esse voluptatem pariatur rerum.',''),(58,'Laurianne','id','Collins',NULL,'2016-01-06','isadore.nitzsche@example.com',9862982892,'Lake Mohamed',NULL,110118329,36043564570,'a','Sunt ipsam eum deserunt voluptate adipisci ut dolorum. Eum id voluptatem magni quia nihil iure eos. Facilis praesentium fugit et dolor eum et. Qui facilis rerum qui aut quidem non.',''),(59,'Madaline','id','Dickinson',NULL,'1974-03-11','whickle@example.com',2541229126,'South Karlee',NULL,391161689,76279562184,'a','Aut repellat fugiat et provident aut blanditiis. Beatae id exercitationem cum cumque quia. Excepturi animi distinctio eveniet et dolor. Id quo eligendi aperiam.',''),(60,'Katherine','voluptas','Mante',NULL,'2013-06-25','reilly86@example.org',9500811946,'Lake Ibrahim',NULL,787250666,110713115160,'b','Ipsa numquam iure aspernatur earum laudantium quia necessitatibus. Voluptatem inventore omnis perferendis magnam. Sed id aut commodi quas rem repellat quo.',''),(61,'Araceli','libero','Kris',NULL,'2010-11-20','aufderhar.ada@example.net',3585238896,'Schummhaven',NULL,434557295,16821507806,'a','Quia dolor fuga non dolor. Minus voluptates ea deleniti inventore qui. A reiciendis sapiente sapiente voluptas aliquid blanditiis. Rem sit quae officia ipsum eveniet eius deserunt.',''),(62,'Olen','corrupti','Tromp',NULL,'1997-08-29','qreichert@example.net',3689812008,'Patriciastad',NULL,14421587,27667306428,'c','Cum quae consequatur corporis eos accusamus eos rerum. Excepturi ab consequatur qui qui voluptatum possimus hic. Quisquam vel pariatur distinctio sequi.',''),(63,'Juana','officia','Kertzmann',NULL,'1985-02-22','terrance21@example.org',5659309036,'East Laurianneland',NULL,216727017,42028090683,'b','Nobis et facilis ut ea molestiae. Perspiciatis tenetur quas eos at qui nesciunt. Perspiciatis distinctio ut voluptate. Et nemo saepe quia cupiditate et quas quos dolor.',''),(64,'Sheila','molestias','Leuschke',NULL,'1976-05-07','rmuller@example.net',937839707,'North Clayberg',NULL,967251630,11789770082,'b','Dicta et quis cum. Quasi saepe iusto amet accusantium. Pariatur commodi at est et.',''),(65,'Monty','ex','Nolan',NULL,'1975-11-18','heller.ashtyn@example.org',2978536559,'West Susana',NULL,553534435,51314637267,'c','Asperiores id veniam aut quae voluptate omnis praesentium. Sed illum qui mollitia omnis saepe eum.',''),(66,'Garfield','dolor','Rolfson',NULL,'1996-07-15','cristian.rath@example.org',5266465679,'Fisherville',NULL,172137724,95423551819,'a','Quos necessitatibus eligendi eaque qui neque nemo. Qui adipisci molestias et nostrum optio. Ut ea et facere. Excepturi quia vel non aut autem.',''),(67,'Petra','labore','Connelly',NULL,'2015-05-09','durward.feest@example.org',3526954784,'New Rylan',NULL,789007673,90417235106,'c','Id facere ea tempora autem corporis perspiciatis. Vero quisquam veritatis corporis corrupti totam minima aut. Nemo quibusdam adipisci laboriosam fuga iste qui. Laborum incidunt delectus consectetur enim.',''),(68,'Christina','occaecati','King',NULL,'1987-11-23','rogahn.oral@example.net',9814765913,'Jackelineview',NULL,683677185,42191910576,'a','Molestias eum omnis doloremque expedita ullam delectus nihil ullam. Itaque aliquam nisi dignissimos odit. Eum corporis dolores sed amet recusandae.',''),(69,'Amber','id','Murazik',NULL,'2011-10-17','gayle.lesch@example.org',7785912500,'South Luther',NULL,279047365,10635689807,'c','Sed hic nobis aut et nostrum aut cumque. Blanditiis et maxime aut esse hic iste. Accusantium tenetur magni dolorem iste sequi corporis magni. Sint quae sed aspernatur.',''),(70,'Emory','adipisci','Harris',NULL,'1974-05-02','frederik23@example.net',4181584770,'New Wellingtonstad',NULL,387452981,62423499765,'c','Fuga tempore voluptas dolorem in delectus. Iure voluptatem ut quae numquam fugiat sequi qui. Sint quo eos quia accusantium animi.',''),(71,'Jaylon','veniam','Brakus',NULL,'1996-09-01','okohler@example.org',4923463334,'Port Isacshire',NULL,587146400,22905797705,'b','Alias et quia et nostrum atque laborum. Perferendis dolore harum voluptas laborum vitae voluptatem rerum ratione. Amet non commodi quis non accusamus ut.','\0'),(72,'Jasen','eveniet','Reilly',NULL,'2003-08-12','carolyn.hammes@example.com',7096189071,'Itzelbury',NULL,342116916,46475301870,'a','Et nisi at dignissimos labore explicabo. Saepe corrupti voluptas illo itaque ut. Quidem cumque voluptatibus velit in quod. Aut omnis magnam rerum architecto beatae. Voluptatibus minima sunt illum ipsa eaque excepturi soluta.',''),(73,'Desiree','itaque','Borer',NULL,'1974-10-01','alowe@example.net',8122926316,'Hegmannview',NULL,612313361,11967413652,'c','Laudantium numquam omnis fugiat laborum quod aut hic. Inventore mollitia aut aliquam quibusdam similique qui et beatae. Nemo aliquid neque in dicta facilis perspiciatis. Est delectus voluptatem recusandae minima ipsa illo aspernatur porro.',''),(74,'Itzel','in','Von',NULL,'2008-03-06','demario30@example.com',8635577876,'Bartolettiton',NULL,190028857,88240078827,'c','Et hic ratione occaecati dolorem. Harum aut quibusdam voluptatum qui similique vel ipsa eligendi. Natus quo ut soluta debitis repellat magnam dolor explicabo. Est est aut libero officiis similique et esse.','\0'),(75,'Freida','ipsa','Tromp',NULL,'2004-11-04','thiel.marianna@example.net',5349728832,'North Dawson',NULL,465475781,28424952513,'a','Assumenda eum blanditiis natus id minima. Porro consequatur enim voluptatem non. Voluptatem numquam ea sunt dolores est sunt. Ipsum non natus non eligendi et.','\0'),(76,'Kristian','deserunt','Pfannerstill',NULL,'1980-02-11','joana06@example.com',4987821405,'Jenafort',NULL,381961215,25137513624,'b','Nesciunt et voluptates quos sunt. Quas molestiae quod ducimus et blanditiis incidunt. Aut autem non ab tempore quia qui.',''),(77,'Henderson','assumenda','Heller',NULL,'1970-06-02','zulauf.marcelo@example.org',1260184037,'Ratkehaven',NULL,749247633,47512006389,'c','Aspernatur totam quo at exercitationem nostrum alias. Culpa ipsum deserunt nostrum voluptatibus. Eligendi alias est cumque aut et est quae incidunt.',''),(78,'Ezra','explicabo','Runte',NULL,'2011-04-10','quigley.general@example.net',2989702081,'Billbury',NULL,282151295,98315086490,'c','Atque corrupti fuga voluptates maiores dolore maiores. In dolore est magni quis eum fugiat illum. Perspiciatis porro a illo rerum explicabo.',''),(79,'Tania','ratione','Rath',NULL,'1990-03-01','kschulist@example.com',8542289714,'Jarrodhaven',NULL,358300676,110237490757,'b','Ratione pariatur ipsum nesciunt omnis eos omnis occaecati. Et deleniti iure molestiae quia. Dignissimos aliquid veritatis dolores fuga repellendus rerum dolor.','\0'),(80,'Mireille','nobis','Ebert',NULL,'1978-08-04','iconroy@example.net',4838903401,'Patsymouth',NULL,858500981,48608138563,'a','A non rerum necessitatibus in corrupti natus. Totam in dolorem tempore maiores eaque harum. Dignissimos eveniet inventore et rerum omnis. Dolor quas est qui voluptatum. Provident quisquam facere in nisi sit.','\0'),(81,'Fanny','facilis','Heidenreich',NULL,'1974-06-15','idickinson@example.net',7004204623,'New Donny',NULL,219034217,16907132077,'b','Aperiam saepe exercitationem quia. Suscipit illo tenetur enim a accusantium ipsam. Corrupti illo aut blanditiis vel omnis. Corporis in architecto impedit sapiente sunt.',''),(82,'Curt','pariatur','Lockman',NULL,'2022-02-07','ywilkinson@example.org',1969015618,'Lake Bertfurt',NULL,921466114,80670320642,'c','Ipsum voluptas laudantium in facilis nihil voluptatum. At quia qui omnis ducimus laboriosam possimus. Quibusdam ratione omnis iste rerum inventore vel ut magnam.','\0'),(83,'Darwin','in','Klocko',NULL,'2020-03-24','katrine94@example.com',863287505,'Lake Kieraside',NULL,382413769,80502929558,'a','Rem unde voluptatem architecto voluptatibus nesciunt vero velit. Repellat qui autem voluptas distinctio nemo. At at sunt dolor alias non. Odio itaque consequatur fugiat perspiciatis.','\0'),(84,'Berenice','molestias','Bogisich',NULL,'2014-07-12','rosalinda68@example.com',7719810661,'Roobstad',NULL,658951710,25274664699,'a','Vel rem modi vel ipsum ut. Officia corrupti est id magnam aut. Qui ab vel iusto ut quia odio. Error corrupti quis iste cum beatae sint illo non.','\0'),(85,'Jermaine','in','Grimes',NULL,'1978-11-08','arthur.emmerich@example.net',3774694661,'South Isac',NULL,311037901,65444220673,'c','Est dolor ut saepe vel. Vitae eveniet mollitia animi aperiam omnis et. Iusto et sed consequuntur nemo eaque voluptatem.',''),(86,'Myrl','provident','Connelly',NULL,'1976-08-28','eschuppe@example.com',747764511,'Blakeport',NULL,235722236,88469118119,'b','Rem autem reiciendis consectetur totam aspernatur expedita quia. Harum repudiandae quia ut necessitatibus quia temporibus. Cum asperiores saepe voluptatem aut inventore. Numquam ad amet quas et ratione et consequatur.',''),(87,'Sydnee','eos','Weber',NULL,'2014-03-25','mack46@example.com',8217189353,'Wisokyhaven',NULL,746451262,46732632761,'b','Aut architecto necessitatibus est officiis nemo. Ut ea quia laborum aspernatur. Ducimus inventore rerum est vitae ratione nam molestias. Sequi incidunt autem molestiae occaecati ut aut.',''),(88,'Brown','ut','Kulas',NULL,'2004-02-01','dortiz@example.com',1329248596,'Delphiamouth',NULL,255723178,47608410058,'c','Quia ea veniam voluptates est fuga a. Debitis ducimus praesentium similique ad illum quibusdam culpa excepturi. Sed molestiae odit vel placeat officia. Qui sed qui similique quasi.',''),(89,'Abbey','nulla','Boyer',NULL,'2019-09-24','mueller.shanny@example.org',6384539289,'South Teagan',NULL,899711827,109778996896,'b','Dolor et reiciendis sunt. Voluptas consectetur iure dolor. Soluta in reiciendis dolor aperiam voluptas suscipit magnam molestiae. Doloribus nam maxime voluptatem ea magnam laboriosam.','\0'),(90,'Isai','praesentium','Lebsack',NULL,'1973-02-04','kitty10@example.org',4128181119,'Bayerview',NULL,49977199,67010716183,'c','Asperiores veniam consequatur mollitia voluptatem doloremque quidem ut. Qui nulla vitae atque explicabo accusamus est et. Harum laboriosam adipisci fuga delectus. Explicabo ut laborum nesciunt quod quaerat.','\0'),(91,'Leonardo','quia','Mohr',NULL,'1977-05-25','leanna64@example.com',3336218589,'Port Travis',NULL,731110447,58630398641,'c','Tempore magni quas quis ut. Architecto repellendus officia et cumque a saepe id. Similique totam eum fuga rerum hic est. Iste qui et architecto.','\0'),(92,'Linwood','quaerat','Koss',NULL,'1971-08-20','orohan@example.com',4313288081,'New Jordynchester',NULL,589170637,87758268025,'c','Fugit tenetur maxime voluptatem placeat. Et necessitatibus et a. Sit molestiae beatae quae. Quisquam illum aspernatur earum nemo ex in quia suscipit.',''),(93,'Francisca','rerum','Smith',NULL,'1971-05-16','dschultz@example.net',447186637,'North Madaline',NULL,248505438,92793664327,'b','Qui labore porro et magni quo rem voluptatibus. Aspernatur molestias nemo qui laboriosam dicta esse officia dolorum. Omnis ullam rerum laborum enim sed est.',''),(94,'Willis','enim','Schaden',NULL,'1983-12-22','laurel11@example.com',2353495401,'Jacobiland',NULL,799557940,10778910137,'c','Minus incidunt beatae esse ad et optio. Quis iste porro iusto quibusdam. Provident omnis architecto et soluta. Consequatur labore quasi sit omnis totam inventore illo.','\0'),(95,'Brandy','fugit','Brakus',NULL,'1972-12-24','taylor.krajcik@example.com',3215354253,'Lake Kristofertown',NULL,657935027,76388234315,'a','Illo quos deserunt maiores quod expedita ut ab. Qui libero quia sunt non distinctio sed.','\0'),(96,'Stanford','molestiae','Walter',NULL,'1999-12-30','justine.dickens@example.org',6921004241,'Lake Gina',NULL,101768490,56927210508,'c','Ut sed occaecati accusamus accusantium optio reprehenderit magnam ratione. Sunt et ut earum fugiat fugiat sint culpa. Maiores maxime eum dicta et non.','\0'),(97,'Deonte','est','Jaskolski',NULL,'2007-01-27','kemmer.neal@example.net',5244633562,'Kutchport',NULL,557782274,73165547192,'a','Deleniti eligendi eos odio eius autem consectetur temporibus. Delectus eos quas unde quis. In et et vel dolor. Nobis quo ut numquam necessitatibus quia tempore omnis.','\0'),(98,'Eldora','id','Wehner',NULL,'2007-04-12','gregorio00@example.net',5683470607,'Hermistonside',NULL,356392751,44472499294,'b','Est non ut ab quam tenetur nulla. Voluptatem sit aspernatur ut qui. Aut in totam eius eum. Illo labore ut est in. Ut quidem qui quo et et et facere.','\0'),(99,'Lisette','quibusdam','Willms',NULL,'2021-09-26','ogleason@example.org',4217934862,'Kingview',NULL,133108313,55477688284,'a','Aut minima dicta nemo recusandae ipsam rerum sit distinctio. Facere aut quae cumque. Fugit impedit quisquam velit cumque amet.','\0'),(100,'Alice','quia','Bayer',NULL,'2022-05-20','krajcik.kelsi@example.com',9077783393,'Emilytown',NULL,620413322,106902846721,'a','Sed eveniet et officiis animi. Necessitatibus aspernatur numquam temporibus beatae dolor dolores et. Ab qui fugiat omnis iste nulla debitis autem.','');
/*!40000 ALTER TABLE `users` ENABLE KEYS */;
UNLOCK TABLES;
/*!40103 SET TIME_ZONE=@OLD_TIME_ZONE */;

/*!40101 SET SQL_MODE=@OLD_SQL_MODE */;
/*!40014 SET FOREIGN_KEY_CHECKS=@OLD_FOREIGN_KEY_CHECKS */;
/*!40014 SET UNIQUE_CHECKS=@OLD_UNIQUE_CHECKS */;
/*!40101 SET CHARACTER_SET_CLIENT=@OLD_CHARACTER_SET_CLIENT */;
/*!40101 SET CHARACTER_SET_RESULTS=@OLD_CHARACTER_SET_RESULTS */;
/*!40101 SET COLLATION_CONNECTION=@OLD_COLLATION_CONNECTION */;
/*!40111 SET SQL_NOTES=@OLD_SQL_NOTES */;

-- Dump completed on 2022-10-20  7:41:11
